Organization Name,Topic area,URL,Main Web Page,Mission Statement,Policy Isssue Resources,Campaign and Advocacy,Public Facing Advocacy Writing,Newsletters,Annual reports,SpeechWTranscript,SpeechNoTranscript,NOTES
Human Rights for Kids ,Children's Rights ,https://humanrightsforkids.org/,1,,,,,,,,,
Human Rights for Kids ,Children's Rights ,https://humanrightsforkids.org/mission/,,1,,,,,,,,
Human Rights for Kids ,Children's Rights ,https://humanrightsforkids.org/approach/,,,1,,,,,,,
Human Rights for Kids ,Children's Rights ,https://humanrightsforkids.org/child-justice-reform/,,,1,,,,,,,
Human Rights for Kids ,Children's Rights ,https://humanrightsforkids.org/child-justice-reform/minimum-age-for-juvenile-court/,,,1,,,,,,,
Human Rights for Kids ,Children's Rights ,https://humanrightsforkids.org/child-justice-reform/restoring-voting-rights-for-formerly-incarcerated-children/,,,1,,,,,,,
Human Rights for Kids ,Children's Rights ,https://humanrightsforkids.org/child-justice-reform/eliminating-mandatory-minimum-sentences-for-children/,,,1,,,,,,,
Human Rights for Kids ,Children's Rights ,https://humanrightsforkids.org/child-justice-reform/due-process-protection/,,,1,,,,,,,
Human Rights for Kids ,Children's Rights ,https://humanrightsforkids.org/child-justice-reform/preventing-harm-adverse-childhood-experiences-ace/,,,1,,,,,,,
Human Rights for Kids ,Children's Rights ,https://humanrightsforkids.org/wp-content/uploads/Human-Rights-for-Kids-ACEs-Facts-Sheet.pdf,,,1,,,,,,,
Human Rights for Kids ,Children's Rights ,https://humanrightsforkids.org/child-justice-reform/removing-children-from-adult-prisons/,,,1,,,,,,,
Human Rights for Kids ,Children's Rights ,https://humanrightsforkids.org/child-justice-reform/limiting-transfer-of-children-to-adult-court/,,,1,,,,,,,
Human Rights for Kids ,Children's Rights ,https://humanrightsforkids.org/child-justice-reform/eliminating-the-use-of-solitary-confinement-on-children/,,,1,,,,,,,
Human Rights for Kids ,Children's Rights ,https://humanrightsforkids.org/child-justice-reform/protecting-child-sex-crime-victims-prosecuted-in-adult-court-saras-law/,,,1,,,,,,,
Human Rights for Kids ,Children's Rights ,https://humanrightsforkids.org/child-justice-reform/eliminating-the-felony-murder-rule-for-children/,,,1,,,,,,,
Human Rights for Kids ,Children's Rights ,https://humanrightsforkids.org/child-justice-reform/eliminating-lifetime-parole-for-children/,,,1,,,,,,,
Human Rights for Kids ,Children's Rights ,https://humanrightsforkids.org/publication/virginia-know-your-childs-rights/,,,1,,,,,,,
Human Rights for Kids ,Children's Rights ,https://humanrightsforkids.org/publication/judicial-bench-card-virginia/,,,1,,,,,,,
Human Rights for Kids ,Children's Rights ,https://humanrightsforkids.org/publication/hrfk-issue-brief-saras-law/,,,1,,,,,,,
Human Rights for Kids ,Children's Rights ,https://humanrightsforkids.org/publication/hrfk-issue-brief-judicial-discretion-for-kids-sentenced-as-adults/,,,1,,,,,,,
Human Rights for Kids ,Children's Rights ,https://humanrightsforkids.org/human-rights-law/,,,1,,,,,,,
Human Rights for Kids ,Children's Rights ,https://humanrightsforkids.org/publication/the-evolution-of-decency-why-mandatory-minimum-and-presumptive-sentencing-schemes-violate-the-eighth-amendment-for-child-offenders/,,,,1,,,,,,
Human Rights for Kids ,Children's Rights ,https://humanrightsforkids.org/publication/lock-them-up-and-throw-away-the-key-new-legislation-can-help-protect-child-victims-of-sex-crimes-from-harsh-punishment/,,,,1,,,,,,
Human Rights for Kids ,Children's Rights ,https://humanrightsforkids.org/our-work/,,,,1,,,,,,
Human Rights for Kids ,Children's Rights ,https://humanrightsforkids.org/impact/,,,,1,,,,,,
Human Rights for Kids ,Children's Rights ,https://humanrightsforkids.org/publication/amicus-brief-wooden-v-united-states-u-s-supreme-court/,,,,,1,,,,,
Human Rights for Kids ,Children's Rights ,https://humanrightsforkids.org/publication/amicus-brief-edwards-v-vannoy-u-s-supreme-court/,,,,,1,,,,,
Human Rights for Kids ,Children's Rights ,https://humanrightsforkids.org/publication/letter-to-governor-northam/,,,,,1,,,,,
Human Rights for Kids ,Children's Rights ,https://humanrightsforkids.org/wp-content/uploads/Human-Rights-for-Kids-Press-Release-Saras-Law.pdf,,,,,1,,,,,
Human Rights for Kids ,Children's Rights ,https://humanrightsforkids.org/wp-content/uploads/Human-Rights-for-Kids-Press-Release-Legislation-Introduced-to-Protect-Children%E2%80%99s-Rights.pdf,,,,,1,,,,,
Human Rights for Kids ,Children's Rights ,https://humanrightsforkids.org/publication/the-good-fight-2020-year-in-review/,,,,,,,1,,,
,,,,,,,,,,,,
Children's Rights ,Children's Rights ,https://www.childrensrights.org/,1,,,,,,,,,
Children's Rights ,Children's Rights ,https://www.childrensrights.org/our-mission/our-work/,,1,,,,,,,,
Children's Rights ,Children's Rights ,https://www.childrensrights.org/our-mission/your-rights/,,,1,,,,,,,
Children's Rights ,Children's Rights ,https://www.childrensrights.org/2021-impact-report/,,,1,,,,,,,
Children's Rights ,Children's Rights ,https://www.childrensrights.org/lgbtq-2/,,,1,,,,,,,
Children's Rights ,Children's Rights ,https://www.childrensrights.org/our-campaigns/psychotropics/,,,1,,,,,,,
Children's Rights ,Children's Rights ,https://www.childrensrights.org/racism-in-child-welfare-and-juvenile-justice-systems/,,,1,,,,,,,
Children's Rights ,Children's Rights ,https://www.childrensrights.org/our-campaigns/unaccompanied-minors/,,,1,,,,,,,
Children's Rights ,Children's Rights ,https://www.childrensrights.org/wp-content/uploads/2021/04/A-Visible-Issue-Renders-Marginalized-Communities-Invisible-.pdf,,,1,,,,,,,
Children's Rights ,Children's Rights ,https://www.childrensrights.org/building-my-own-sense-of-family/,,,,1,,,,,,
Children's Rights ,Children's Rights ,https://www.childrensrights.org/my-story-is-my-strength/,,,,1,,,,,,
Children's Rights ,Children's Rights ,https://www.childrensrights.org/hello-america-its-time-to-look-in-the-mirror/,,,,1,,,,,,
Children's Rights ,Children's Rights ,https://www.childrensrights.org/food-for-the-body-and-the-soul/,,,,1,,,,,,
Children's Rights ,Children's Rights ,https://www.childrensrights.org/thoughts-as-a-mother-and-an-advocate/,,,,1,,,,,,
Children's Rights ,Children's Rights ,https://www.childrensrights.org/doing-what-i-was-meant-to-do/,,,,1,,,,,,
Children's Rights ,Children's Rights ,https://www.childrensrights.org/it-wasnt-me-who-needed-to-be-changed/,,,,1,,,,,,
Children's Rights ,Children's Rights ,https://www.childrensrights.org/cr-insider-when-childrens-rights-came-knocking/,,,,1,,,,,,
Children's Rights ,Children's Rights ,https://www.childrensrights.org/?p=12839,,,,1,,,,,,
Children's Rights ,Children's Rights ,https://www.childrensrights.org/i-didnt-know-i-was-this-strong/,,,,1,,,,,,
Children's Rights ,Children's Rights ,https://www.childrensrights.org/?p=12888,,,,1,,,,,,
Children's Rights ,Children's Rights ,https://www.childrensrights.org/?p=13015,,,,1,,,,,,
Children's Rights ,Children's Rights ,https://www.childrensrights.org/?p=12966,,,,1,,,,,,
Children's Rights ,Children's Rights ,https://www.childrensrights.org/?p=12909,,,,1,,,,,,
Children's Rights ,Children's Rights ,https://www.childrensrights.org/the-father-i-want-to-be/,,,,1,,,,,,
Children's Rights ,Children's Rights ,https://www.childrensrights.org/national-survey-brings-needed-attention-to-lgbtq-youth-mental-health-crisis/,,,,,1,,,,,
Children's Rights ,Children's Rights ,https://www.childrensrights.org/childrens-mental-health-week/,,,,,1,,,,,
Children's Rights ,Children's Rights ,https://www.childrensrights.org/class-action-brings-justice-and-healing-to-foster-children-in-kansas/,,,,,1,,,,,
Children's Rights ,Children's Rights ,https://www.childrensrights.org/new-york-state-failed-to-provide-legally-required-mental-health-care-to-kids-lawsuit-claims/,,,,,1,,,,,
Children's Rights ,Children's Rights ,https://www.childrensrights.org/state-of-dysfunction-for-new-yorks-mental-health-care-system/,,,,,1,,,,,
Children's Rights ,Children's Rights ,https://www.childrensrights.org/too-much-too-many-too-young/,,,,,1,,,,,
Children's Rights ,Children's Rights ,https://www.childrensrights.org/lessons-on-reimagining-state-systems/,,,,,1,,,,,
Children's Rights ,Children's Rights ,https://www.childrensrights.org/the-fight-to-support-kinship-caregivers-continues-in-ohio/,,,,,1,,,,,
Children's Rights ,Children's Rights ,https://www.childrensrights.org/stamped-from-the-beginning/,,,,,1,,,,,
Children's Rights ,Children's Rights ,https://www.childrensrights.org/makhia-bryant/,,,,,1,,,,,
Children's Rights ,Children's Rights ,https://www.childrensrights.org/cr-insider-health-victories-in-the-time-of-covid/,,,,,1,,,,,
Children's Rights ,Children's Rights ,https://www.childrensrights.org/the-largest-case-docket-in-cr-history/,,,,,1,,,,,
Children's Rights ,Children's Rights ,https://www.childrensrights.org/privatization-of-foster-care-has-been-a-disaster-for-children/,,,,,1,,,,,
Children's Rights ,Children's Rights ,https://www.childrensrights.org/the-time-is-now-stop-institutionalizing-children/,,,,,1,,,,,
Children's Rights ,Children's Rights ,https://www.childrensrights.org/honor-john-lewis-by-upholding-the-dignity-of-all-children-and-families/,,,,,1,,,,,
Children's Rights ,Children's Rights ,https://www.childrensrights.org/states-must-move-quickly-to-help-older-youth-through-the-pandemic/,,,,,1,,,,,
Children's Rights ,Children's Rights ,https://www.childrensrights.org/case-closed-litigation-worked-for-milwaukee-county-children/,,,,,1,,,,,
Children's Rights ,Children's Rights ,https://www.childrensrights.org/a-childs-mental-health-is-a-right-new-hampshire-must-guarantee/,,,,,1,,,,,
Children's Rights ,Children's Rights ,https://www.childrensrights.org/lift-up-americas-children/,,,,,1,,,,,
Children's Rights ,Children's Rights ,https://www.childrensrights.org/justice-barretts-principles-of-justice-should-protect-vulnerable-children/,,,,,1,,,,,
Children's Rights ,Children's Rights ,https://www.childrensrights.org/end-discrimination-against-lgbtq-children-and-families/,,,,,1,,,,,
Children's Rights ,Children's Rights ,https://www.childrensrights.org/stakes-are-high-for-children-in-scotus-fulton-case/,,,,,1,,,,,
Children's Rights ,Children's Rights ,https://www.childrensrights.org/he-has-a-name/,,,,,1,,,,,
Children's Rights ,Children's Rights ,https://www.childrensrights.org/call-on-your-governor-to-help-older-foster-youth/,,,,,1,,,,,
Children's Rights ,Children's Rights ,https://www.childrensrights.org/childrens-rights-urges-congress-to-help-older-foster-youth/,,,,,1,,,,,
Children's Rights ,Children's Rights ,https://www.childrensrights.org/families-over-facilities-prioritize-the-health-safety-of-our-children/,,,,,1,,,,,
Children's Rights ,Children's Rights ,https://www.childrensrights.org/migrant-children-foster-care-psychotropic-drugs/,,,,,1,,,,,
Children's Rights ,Children's Rights ,https://www.childrensrights.org/stop-shackling-youth-in-court/,,,,,1,,,,,
Children's Rights ,Children's Rights ,https://www.childrensrights.org/childrens-rights-fights-for-education-rights-in-georgia/,,,,,1,,,,,
Children's Rights ,Children's Rights ,https://www.childrensrights.org/dangerous-conditions-migrant-children-report/,,,,,1,,,,,
Children's Rights ,Children's Rights ,https://www.childrensrights.org/children-right-to-counsel/,,,,,1,,,,,
Children's Rights ,Children's Rights ,https://www.childrensrights.org/foster-agencies-get-free-pass-kids-pay-the-price/,,,,,1,,,,,
Children's Rights ,Children's Rights ,https://www.childrensrights.org/immigrant-kids-fleeing-violence-can-seek-legal-protection/,,,,,1,,,,,
Children's Rights ,Children's Rights ,https://www.childrensrights.org/innovative-program-combats-sex-trafficking/,,,,,1,,,,,
Children's Rights ,Children's Rights ,https://www.childrensrights.org/georgia-needs-to-put-children-first-not-allow-faith-based-exemptions/,,,,,1,,,,,
Children's Rights ,Children's Rights ,https://www.childrensrights.org/callousness-incompetence-u-s-mistreatment-of-migrant-children/,,,,,1,,,,,
Children's Rights ,Children's Rights ,https://www.childrensrights.org/pennsylvanias-children-are-crying-for-our-help/,,,,,1,,,,,
Children's Rights ,Children's Rights ,https://www.childrensrights.org/statement-administration-still-separating-migrant-children/,,,,,1,,,,,
Children's Rights ,Children's Rights ,https://www.childrensrights.org/making-kids-homeless-in-kansas/,,,,,1,,,,,
Children's Rights ,Children's Rights ,https://www.childrensrights.org/childrens-rights-statement-on-hhs-family-separation-report/,,,,,1,,,,,
Children's Rights ,Children's Rights ,https://www.childrensrights.org/expanded-public-charge-regulation-puts-children-at-risk/,,,,,1,,,,,
Children's Rights ,Children's Rights ,https://www.childrensrights.org/despite-ban-new-york-youth-remain-in-solitary-confinement/,,,,,1,,,,,
Children's Rights ,Children's Rights ,https://www.childrensrights.org/under-new-rule-migrant-children-could-be-detained-indefinitely/,,,,,1,,,,,
Children's Rights ,Children's Rights ,https://www.childrensrights.org/court-rules-transgender-student-drew-adams-boys-bathroom/,,,,,1,,,,,
Children's Rights ,Children's Rights ,https://www.childrensrights.org/migrant-children-forcibly-given-psychotropic-drugs/,,,,,1,,,,,
Children's Rights ,Children's Rights ,https://www.childrensrights.org/lets-spread-the-outrage/,,,,,1,,,,,
Children's Rights ,Children's Rights ,https://www.childrensrights.org/children-in-the-cross-hairs-the-opioid-epidemic-and-foster-care/,,,,,1,,,,,
Children's Rights ,Children's Rights ,https://www.childrensrights.org/south-carolina-introduces-anti-lgbtq-language-into-child-welfare-bill/,,,,,1,,,,,
Children's Rights ,Children's Rights ,https://www.childrensrights.org/making-human-rights-real/,,,,,1,,,,,
Children's Rights ,Children's Rights ,https://www.childrensrights.org/immigration-order-poses-grave-risk-to-children/,,,,,1,,,,,
Children's Rights ,Children's Rights ,https://www.childrensrights.org/affordable-care-act-repeal-putting-children-at-risk/,,,,,1,,,,,
Children's Rights ,Children's Rights ,https://www.childrensrights.org/too-high-a-human-toll-ending-solitary-confinement-for-youth/,,,,,1,,,,,
Children's Rights ,Children's Rights ,https://www.childrensrights.org/a-shift-away-from-registering-kids-as-sex-offenders/,,,,,1,,,,,
Children's Rights ,Children's Rights ,https://www.childrensrights.org/cr-spreads-message-on-overuse-of-psychotropics-for-kids-in-foster-care/,,,,,1,,,,,
Children's Rights ,Children's Rights ,https://www.childrensrights.org/nyc-to-ban-solitary-confinement-for-people-21-and-under/,,,,,1,,,,,
Children's Rights ,Children's Rights ,https://www.childrensrights.org/child-abuse-in-army-families-rises-40-percent-whats-being-done-to-stop-it/,,,,,1,,,,,
Children's Rights ,Children's Rights ,https://www.childrensrights.org/treated-like-animal-says-investigator-boy-abused-starved-adoptive-parents/,,,,,1,,,,,
Children's Rights ,Children's Rights ,https://www.childrensrights.org/pattern-disturbing-failures-found-colorados-child-welfare-system/,,,,,1,,,,,
Children's Rights ,Children's Rights ,https://www.childrensrights.org/press-release/childrens-rights-speaks-out-on-texas-child-assent-vaccination-policy/,,,,,1,,,,,
Children's Rights ,Children's Rights ,https://www.childrensrights.org/press-release/childrens-rights-responds-to-texas-governor-abbotts-order-to-report-parents-of-transgender-youth-for-abuse/,,,,,1,,,,,
Children's Rights ,Children's Rights ,https://www.childrensrights.org/press-release/childrens-rights-responds-to-ohio-district-court-ruling/,,,,,1,,,,,
Children's Rights ,Children's Rights ,https://www.childrensrights.org/press-release/childrens-rights-responds-to-supreme-court-ruling-in-fulton-case/,,,,,1,,,,,
Children's Rights ,Children's Rights ,https://www.childrensrights.org/press-release/childrens-rights-responds-to-sc-governors-order-blocking-migrant-children-from-state-foster-care/,,,,,1,,,,,
Children's Rights ,Children's Rights ,https://www.childrensrights.org/press-release/administration-agrees-to-temporarily-halt-hhs-rule-change/,,,,,1,,,,,
Children's Rights ,Children's Rights ,https://www.childrensrights.org/press-release/alabama-bill-will-harm-innocent-children/,,,,,1,,,,,
Children's Rights ,Children's Rights ,https://www.childrensrights.org/press-release/childrens-rights-condemns-hhs-attack-on-lgbtq-youth-and-families/,,,,,1,,,,,
Children's Rights ,Children's Rights ,https://www.childrensrights.org/press-release/federal-court-reaches-preliminary-approval-of-settlement-to-protect-the-rights-of-detained-youth-in-georgia-to-receive-special-education-services-in-t-h-et-al-v-dekalb-county-school-district-et-a/,,,,,1,,,,,
Children's Rights ,Children's Rights ,https://www.childrensrights.org/press-release/childrens-rights-files-amicus-brief-in-fulton-v-city-of-philadelphia-to-argue-against-government-sanctioned-discrimination-in-child-welfare-system/,,,,,1,,,,,
Children's Rights ,Children's Rights ,https://www.childrensrights.org/press-release/statement-on-the-administrations-executive-order-on-child-welfare/,,,,,1,,,,,
Children's Rights ,Children's Rights ,https://www.childrensrights.org/press-release/childrens-rights-calls-for-urgent-policy-changes-amidst-covid-19-crisis/,,,,,1,,,,,
Children's Rights ,Children's Rights ,https://www.childrensrights.org/press-release/court-holds-iowa-liable-for-violating-constitutional-rights-of-children-in-state-detention-federal-judge-rules-states-treatment-of-boys-shocks-the-conscience/,,,,,1,,,,,
Children's Rights ,Children's Rights ,https://www.childrensrights.org/press-release/childrens-rights-urges-swift-action-to-protect-incarcerated-young-people/,,,,,1,,,,,
Children's Rights ,Children's Rights ,https://www.childrensrights.org/press-release/georgia-bill-would-harm-innocent-children/,,,,,1,,,,,
Children's Rights ,Children's Rights ,https://www.childrensrights.org/press-release/childrens-rights-files-amicus-brief-to-uphold-protections-for-migrant-children-in-u-s-custody/,,,,,1,,,,,
Children's Rights ,Children's Rights ,https://www.childrensrights.org/press-release/childrens-rights-statement-on-the-trump-administrations-family-op-policy/,,,,,1,,,,,
Children's Rights ,Children's Rights ,https://www.childrensrights.org/press-release/statement-migrant-children-to-be-denied-education-recreation-and-legal-services/,,,,,1,,,,,
Children's Rights ,Children's Rights ,https://www.childrensrights.org/press-release/childrens-rights-condemns-hhs-decision-to-grant-south-carolina-authority-to-discriminate-in-foster-care-system/,,,,,1,,,,,
Children's Rights ,Children's Rights ,https://www.childrensrights.org/press-release/congress-must-show-strong-moral-leadership-take-action-to-support-daca-says-childrens-rights/,,,,,1,,,,,
Children's Rights ,Children's Rights ,https://www.childrensrights.org/press-release/childrens-rights-calls-for-transparency-in-massachusetts-child-welfare/,,,,,1,,,,,
Children's Rights ,Children's Rights ,https://www.childrensrights.org/wp-content/uploads/2021/04/Notes-from-the-Field-2021-Spring-Issue-FINAL.pdf,,,,,,1,,,,
Children's Rights ,Children's Rights ,https://www.childrensrights.org/wp-content/uploads/2020/03/200116-CR-Newsletter-Spring2020.pdf,,,,,,1,,,,
Children's Rights ,Children's Rights ,https://www.childrensrights.org/wp-content/uploads/2019/06/190505-CR-Newsletter-Summer19-Southern-4.pdf,,,,,,1,,,,
Children's Rights ,Children's Rights ,https://www.childrensrights.org/wp-content/uploads/2019/02/2019-Childrens-Rights-Winter-Newsletter-web.pdf,,,,,,1,,,,
Children's Rights ,Children's Rights ,https://www.childrensrights.org/wp-content/uploads/2018/06/Childrens-Rights-Newsletter-Spring-2018-final.pdf,,,,,,1,,,,
Children's Rights ,Children's Rights ,https://www.childrensrights.org/wp-content/uploads/2018/01/CR-Newsletter-Fall17-v11-pages-midres-1.pdf,,,,,,1,,,,
Children's Rights ,Children's Rights ,https://www.childrensrights.org/wp-content/uploads/2018/01/CR-Newsletter-Sp17-FINAL-Single-MidRes.pdf,,,,,,1,,,,
Children's Rights ,Children's Rights ,https://www.childrensrights.org/wp-content/uploads/2016/12/CR-NL-Fall16-FinalMidRes-single.pdf,,,,,,1,,,,
Children's Rights ,Children's Rights ,https://www.childrensrights.org/wp-content/uploads/2015/12/CR-Newsletter-Fall-2015-11.19-2-single-FINAL.pdf,,,,,,1,,,,
Children's Rights ,Children's Rights ,https://www.childrensrights.org/wp-content/uploads/2015/04/2015-spring-newsletter-pdf.pdf,,,,,,1,,,,
Children's Rights ,Children's Rights ,https://www.childrensrights.org/wp-content/uploads/2015/12/CR-Newsletter-Fall-2015-11.19-2-single-FINAL.pdf,,,,,,1,,,,
Children's Rights ,Children's Rights ,https://www.childrensrights.org/wp-content/uploads/2014/12/FALL-PDF-USE-THIS.pdf,,,,,,1,,,,
Children's Rights ,Children's Rights ,https://www.childrensrights.org/wp-content/uploads/2013/11/Fall-2013-newsletter-PDF.pdf,,,,,,1,,,,
Children's Rights ,Children's Rights ,https://www.childrensrights.org/wp-content/uploads/2013/11/CR-NL-Fall-2013-FinalLowRes.pdf,,,,,,1,,,,
Children's Rights ,Children's Rights ,https://www.childrensrights.org/wp-content/uploads/2013/04/CR-Newsletter-Sp2013-Final-HiRes.pdf,,,,,,1,,,,
Children's Rights ,Children's Rights ,https://www.childrensrights.org/wp-content/uploads/2012/12/CR-NL-Fall2012-FINAL.pdf,,,,,,1,,,,
Children's Rights ,Children's Rights ,https://www.childrensrights.org/wp-content/uploads/2021/10/CR-Annual-Report-2020-1.pdf,,,,,,,1,,,
Children's Rights ,Children's Rights ,https://www.childrensrights.org/wp-content/uploads/2021/04/CR-Annual-Report-2019-web.pdf,,,,,,,1,,,
Children's Rights ,Children's Rights ,https://www.childrensrights.org/wp-content/uploads/2019/08/2018-Childrens-Rights-Annual-Report_web.pdf,,,,,,,1,,,
Children's Rights ,Children's Rights ,https://www.childrensrights.org/wp-content/uploads/2018/09/180802-CR-Annual-Report-2017-4.pdf,,,,,,,1,,,
Children's Rights ,Children's Rights ,https://www.childrensrights.org/wp-content/uploads/2014/08/CR-Annual-Report-2016-v10-pages.pdf,,,,,,,1,,,
Children's Rights ,Children's Rights ,https://www.childrensrights.org/wp-content/uploads/2016/09/CR-Annual-Report-2015-9-20-spreads-lowres-002.pdf,,,,,,,1,,,
Children's Rights ,Children's Rights ,https://www.childrensrights.org/wp-content/uploads/2015/06/UPDATED-CR-Annual-Report-13-14-6-2-15.pdf,,,,,,,1,,,
Children's Rights ,Children's Rights ,https://www.childrensrights.org/wp-content/uploads/2014/09/CR-Annual-Report-12-13-10-21-HiRes1.pdf,,,,,,,1,,,
Children's Rights ,Children's Rights ,https://www.childrensrights.org/wp-content/uploads/2012/10/CR-AnnualReport-9.20.12-single-page-FINAL.pdf,,,,,,,1,,,
,,,,,,,,,,,,
Children's Defense Fund ,Children's Rights ,https://www.childrensdefense.org/,1,,,,,,,,,
Children's Defense Fund ,Children's Rights ,https://www.childrensdefense.org/about/who-we-are/our-mission/,,1,,,,,,,,
Children's Defense Fund ,Children's Rights ,https://www.childrensdefense.org/wp-content/uploads/2020/12/Child-Poverty-in-America-2019-National-Factsheet.pdf,,,1,,,,,,,
Children's Defense Fund ,Children's Rights ,https://www.childrensdefense.org/wp-content/uploads/2018/08/40-years-of-vigilance.pdf,,,1,,,,,,,
Children's Defense Fund ,Children's Rights ,https://www.childrensdefense.org/wp-content/uploads/2018/08/2014-gun-report-fact-sheet.pdf,,,1,,,,,,,
Children's Defense Fund ,Children's Rights ,https://www.childrensdefense.org/wp-content/uploads/2018/06/reforming-the-nations.pdf,,,1,,,,,,,
Children's Defense Fund ,Children's Rights ,https://www.childrensdefense.org/organizational-strategy/,,,,1,,,,,,
Children's Defense Fund ,Children's Rights ,https://www.childrensdefense.org/policy/policy-priorities/child-poverty/,,,,1,,,,,,
Children's Defense Fund ,Children's Rights ,https://www.childrensdefense.org/policy/policy-priorities/health/,,,,1,,,,,,
Children's Defense Fund ,Children's Rights ,https://www.childrensdefense.org/policy/policy-priorities/health/principles-for-health-coverage-reform-proposals/,,,,1,,,,,,
Children's Defense Fund ,Children's Rights ,https://www.childrensdefense.org/policy/policy-priorities/education/,,,,1,,,,,,
Children's Defense Fund ,Children's Rights ,https://www.childrensdefense.org/policy/policy-priorities/child-welfare/,,,,1,,,,,,
Children's Defense Fund ,Children's Rights ,https://www.childrensdefense.org/policy/policy-priorities/early-childhood/,,,,1,,,,,,
Children's Defense Fund ,Children's Rights ,https://www.childrensdefense.org/policy/policy-priorities/youth-justice/,,,,1,,,,,,
Children's Defense Fund ,Children's Rights ,https://www.childrensdefense.org/policy/policy-priorities/gun-violence-prevention/,,,,1,,,,,,
Children's Defense Fund ,Children's Rights ,https://www.childrensdefense.org/blog/children-need-safety-and-support/,,,,,1,,,,,
Children's Defense Fund ,Children's Rights ,https://www.childrensdefense.org/blog/children-need-a-welcome-not-endangerment-end-mpp-for-all/,,,,,1,,,,,
Children's Defense Fund ,Children's Rights ,https://www.childrensdefense.org/blog/response-to-texas-leaders-statements-trans-children/,,,,,1,,,,,
Children's Defense Fund ,Children's Rights ,https://www.childrensdefense.org/blog/children-need-safety-security-and-stability/,,,,,1,,,,,
Children's Defense Fund ,Children's Rights ,https://www.childrensdefense.org/blog/a-pathway-to-citizenship-is-essential-for-children/,,,,,1,,,,,
Children's Defense Fund ,Children's Rights ,https://www.childrensdefense.org/blog/congress-must-invest-in-safe-healthy-inclusive-schools/,,,,,1,,,,,
Children's Defense Fund ,Children's Rights ,https://www.childrensdefense.org/blog/sound-the-alarm-for-kids/,,,,,1,,,,,
Children's Defense Fund ,Children's Rights ,https://www.childrensdefense.org/blog/build-back-better-compromise/,,,,,1,,,,,
Children's Defense Fund ,Children's Rights ,https://www.childrensdefense.org/blog/fund-care-not-cages/,,,,,1,,,,,
Children's Defense Fund ,Children's Rights ,https://www.childrensdefense.org/blog/this-yjam-act-to-end-the-cradle-to-prison-pipeline/,,,,,1,,,,,
Children's Defense Fund ,Children's Rights ,https://www.childrensdefense.org/blog/universal-meals-are-essential-for-advancing-racial-equity/,,,,,1,,,,,
Children's Defense Fund ,Children's Rights ,https://www.childrensdefense.org/blog/access-to-benefits-are-essential-for-immigrant-children-to-thrive/,,,,,1,,,,,
Children's Defense Fund ,Children's Rights ,https://www.childrensdefense.org/blog/lgbtq-child-welfare-system-rfi/,,,,,1,,,,,
Children's Defense Fund ,Children's Rights ,https://www.childrensdefense.org/blog/juvenile-justice-treat-kids-like-kids/,,,,,1,,,,,
Children's Defense Fund ,Children's Rights ,https://www.childrensdefense.org/blog/supreme-court-juvenile-life-without-parole/,,,,,1,,,,,
Children's Defense Fund ,Children's Rights ,https://www.childrensdefense.org/blog/immigrant-parents-and-families-deserve-permanent-solutions/,,,,,1,,,,,
Children's Defense Fund ,Children's Rights ,https://www.childrensdefense.org/blog/latest-child-allowance-proposals/,,,,,1,,,,,
Children's Defense Fund ,Children's Rights ,https://www.childrensdefense.org/blog/i-am-a-child/,,,,,1,,,,,
Children's Defense Fund ,Children's Rights ,https://www.childrensdefense.org/blog/new-report-on-child-maltreatment/,,,,,1,,,,,
Children's Defense Fund ,Children's Rights ,https://www.childrensdefense.org/blog/students-deserve-safe-and-inclusive-learning-environments-but-a-recent-study-found-most-lgbtq-students-continue-to-feel-unsafe-at-school/,,,,,1,,,,,
Children's Defense Fund ,Children's Rights ,https://www.childrensdefense.org/blog/the-childrens-protection-act/,,,,,1,,,,,
Children's Defense Fund ,Children's Rights ,https://www.childrensdefense.org/blog/we-must-protect-our-children-in-the-criminal-justice-system-amid-the-pandemic-and-beyond/,,,,,1,,,,,
Children's Defense Fund ,Children's Rights ,https://www.childrensdefense.org/blog/why-ending-police-violence-and-racist-policing-is-a-childrens-issue/,,,,,1,,,,,
Children's Defense Fund ,Children's Rights ,https://www.childrensdefense.org/blog/a-fundamental-right-to-literacy/,,,,,1,,,,,
Children's Defense Fund ,Children's Rights ,https://www.childrensdefense.org/blog/how-america-ranks-in-protecting-children/,,,,,1,,,,,
Children's Defense Fund ,Children's Rights ,https://www.childrensdefense.org/blog/family-detention-is-dangerous-and-wrong/,,,,,1,,,,,
Children's Defense Fund ,Children's Rights ,https://www.childrensdefense.org/blog/30-years-later-the-us-has-yet-to-commit-to-protecting-childrens-human-rights/,,,,,1,,,,,-
Children's Defense Fund ,Children's Rights ,https://www.childrensdefense.org/2021/national-child-advocacy-organization-sounds-alarm-for-americas-children-in-crisis/,,,,,1,,,,,
Children's Defense Fund ,Children's Rights ,https://www.childrensdefense.org/2020/childrens-defense-fund-and-childrens-defense-fund-ny-joint-statement-of-support-in-fulton-v-philadelphia/,,,,,1,,,,,
Children's Defense Fund ,Children's Rights ,https://www.childrensdefense.org/2020/statement-leading-childrens-organizations-call-for-immediate-release-of-children-together-with-their-families/,,,,,1,,,,,
Children's Defense Fund ,Children's Rights ,https://www.childrensdefense.org/2020/new-report-the-state-of-americas-children-is-shameful/,,,,,1,,,,,
Children's Defense Fund ,Children's Rights ,https://www.childrensdefense.org/2017/marian-wright-edelman-statement-on-the-dreamers-and-the-deferred-action-for-childhood-arrivals-program/,,,,,1,,,,,
Children's Defense Fund ,Children's Rights ,https://www.childrensdefense.org/2015/marian-wright-edelman-responds-to-governor-cuomos-juvenile-justice-proposal/,,,,,1,,,,,
Children's Defense Fund ,Children's Rights ,https://www.childrensdefense.org/2014/national-civil-and-human-rights-groups-urge-administration-to-release-strong-gainful-employment-rule/,,,,,1,,,,,
Children's Defense Fund ,Children's Rights ,https://www.childrensdefense.org/2013/marian-wright-edelman-statement-on-the-anniversary-of-the-shooting-at-sandy-hook-elementary-school/,,,,,1,,,,,
Children's Defense Fund ,Children's Rights ,https://www.childrensdefense.org/2012/governors-proposed-budget-puts-californias-most-vulnerable-children-at-risk/,,,,,1,,,,,
Children's Defense Fund ,Children's Rights ,https://www.childrensdefense.org/2011/press-release-the-state-of-americas-children-2011-finds-children-in-jeopardy/,,,,,1,,,,,
Children's Defense Fund ,Children's Rights ,https://www.childrensdefense.org/2009/childrens-defense-fund-statement-on-district-of-columbia-v-heller/,,,,,1,,,,,
Children's Defense Fund ,Children's Rights ,https://www.childrensdefense.org/2009/childrens-defense-fund-national-leaders-convene-to-address-americas-cradle-to-prison-pipeline/,,,,,1,,,,,
Children's Defense Fund ,Children's Rights ,https://www.childrensdefense.org/2008/childrens-defense-fund-disappointed-by-supreme-courts-decision-in-district-of-columbia-v-heller/,,,,,1,,,,,
Children's Defense Fund ,Children's Rights ,https://www.childrensdefense.org/2007/cdf-issues-report-of-looming-national-catastrophe-of-americas-cradle-to-prison-pipeline/,,,,,1,,,,,
Children's Defense Fund ,Children's Rights ,https://www.childrensdefense.org/wp-content/uploads/2021/04/The-State-of-Americas-Children-2021.pdf,,,,,,,1,,,
,,,,,,,,,,,,
Intact America ,Children's Rights ,https://www.intactamerica.org/,1,,,,,,,,,
Intact America ,Children's Rights ,https://www.intactamerica.org/our-principles/,,1,,,,,,,,
Intact America ,Children's Rights ,https://www.intactamerica.org/our-positions/,,,1,,,,,,,
Intact America ,Children's Rights ,https://www.intactamerica.org/our-strategy/,,,1,,,,,,,
Intact America ,Children's Rights ,https://www.intactamerica.org/current-context/,,,,1,,,,,,
Intact America ,Children's Rights ,https://www.intactamerica.org/setting-the-record-straight/,,,,1,,,,,,
Intact America ,Children's Rights ,https://www.intactamerica.org/dont-ask-dont-sell/,,,,1,,,,,,
Intact America ,Children's Rights ,https://www.intactamerica.org/made-to-stick-foreskin-care/,,,,1,,,,,,
Intact America ,Children's Rights ,https://www.intactamerica.org/category/voices-2/,,,,1,,,,,,
Intact America ,Children's Rights ,https://www.intactamerica.org/category/voices-2/page/2/,,,,1,,,,,,
Intact America ,Children's Rights ,https://www.intactamerica.org/category/voices-2/page/3/,,,,1,,,,,,
Intact America ,Children's Rights ,https://www.intactamerica.org/category/voices-2/page/4/,,,,1,,,,,,
Intact America ,Children's Rights ,https://www.intactamerica.org/category/voices-2/page/5/,,,,1,,,,,,
Intact America ,Children's Rights ,https://www.intactamerica.org/category/voices-2/page/6/,,,,1,,,,,,
Intact America ,Children's Rights ,https://www.intactamerica.org/circumcision-as-an-ace/,,,,1,,,,,,
Intact America ,Children's Rights ,https://www.intactamerica.org/intactivist-call-on-obstetricians-meeting-in-new-orleans-to-stop-cutting-baby-boys/,,,,,1,,,,,
Intact America ,Children's Rights ,https://www.intactamerica.org/a-human-rights-violation-on-a-massive-scale/,,,,,1,,,,,
Intact America ,Children's Rights ,https://www.intactamerica.org/my-letter-to-the-american-academy-of-pediatrics/,,,,,1,,,,,
Intact America ,Children's Rights ,https://www.intactamerica.org/intact-america-tells-doctors-to-put-down-the-knife/,,,,,1,,,,,
Intact America ,Children's Rights ,https://www.intactamerica.org/intact-america-tells-aap-to-protect-all-children-from-genital-harm/,,,,,1,,,,,
Intact America ,Children's Rights ,https://www.intactamerica.org/intact-america-blasts-aaps-call-to-weaken-fgm-ban/,,,,,1,,,,,
Intact America ,Children's Rights ,https://www.intactamerica.org/intact-america-launches-campaign-to-change-the-way-america-thinks-about-circumcision/,,,,,1,,,,,
,,,,,,,,,,,,
National Center for Missing and Exploited Children ,Children's Rights ,https://www.missingkids.org/HOME,,1,,,,,,,,
National Center for Missing and Exploited Children ,Children's Rights ,https://www.missingkids.org/footer/about,,1,,,,,,,,
National Center for Missing and Exploited Children ,Children's Rights ,https://www.missingkids.org/gethelpnow/cybertipline/cybertiplinedata,,,1,,,,,,,
National Center for Missing and Exploited Children ,Children's Rights ,https://www.missingkids.org/content/dam/missingkids/pdfs/2021-reports-by-country.pdf,,,1,,,,,,,
National Center for Missing and Exploited Children ,Children's Rights ,https://www.missingkids.org/content/dam/missingkids/pdfs/2020-reports-by-esp.pdf,,,1,,,,,,,
National Center for Missing and Exploited Children ,Children's Rights ,https://www.missingkids.org/content/dam/missingkids/pdfs/2020-reports-by-country.pdf,,,1,,,,,,,
National Center for Missing and Exploited Children ,Children's Rights ,https://www.missingkids.org/content/dam/missingkids/pdfs/2019-reports-by-esp.pdf,,,1,,,,,,,
National Center for Missing and Exploited Children ,Children's Rights ,https://www.missingkids.org/content/dam/missingkids/pdfs/2019-cybertipline-reports-by-country.pdf,,,1,,,,,,,
National Center for Missing and Exploited Children ,Children's Rights ,https://www.missingkids.org/content/dam/missingkids/pdfs/NCMEC_0022-20_CSAM%20Brochure_Digital.pdf,,,1,,,,,,,
National Center for Missing and Exploited Children ,Children's Rights ,https://www.missingkids.org/content/dam/missingkids/pdfs/ncmec-analysis/Production%20and%20Active%20Trading%20of%20CSAM_FullReport_FINAL.pdf,,,1,,,,,,,
National Center for Missing and Exploited Children ,Children's Rights ,https://www.missingkids.org/content/dam/missingkids/pdfs/ncmec-analysis/sextortionfactsheet.pdf,,,1,,,,,,,
National Center for Missing and Exploited Children ,Children's Rights ,https://www.missingkids.org/content/dam/missingkids/pdfs/ncmec-analysis/Online%20Enticement%20Pre-Travel.pdf,,,1,,,,,,,
National Center for Missing and Exploited Children ,Children's Rights ,https://www.missingkids.org/content/dam/missingkids/pdfs/publications/missingchildrenstatecare.pdf,,,1,,,,,,,
National Center for Missing and Exploited Children ,Children's Rights ,https://www.missingkids.org/content/dam/missingkids/pdfs/publications/nc75.pdf,,,1,,,,,,,
National Center for Missing and Exploited Children ,Children's Rights ,https://www.missingkids.org/content/dam/missingkids/pdfs/publications/pdf3a.pdf,,,1,,,,,,,
National Center for Missing and Exploited Children ,Children's Rights ,https://www.missingkids.org/content/dam/missingkids/pdfs/2021-notifications-by-ncmec-per-esp.pdf,,,,1,,,,,,
National Center for Missing and Exploited Children ,Children's Rights ,https://www.missingkids.org/gethelpnow/csam-resources,,,,1,,,,,,
National Center for Missing and Exploited Children ,Children's Rights ,https://www.missingkids.org/theissues/autism,,,,1,,,,,,
National Center for Missing and Exploited Children ,Children's Rights ,https://www.missingkids.org/theissues/end-to-end-encryption,,,,1,,,,,,
National Center for Missing and Exploited Children ,Children's Rights ,https://www.missingkids.org/theissues/helpidme,,,,1,,,,,,
National Center for Missing and Exploited Children ,Children's Rights ,https://www.missingkids.org/theissues/longtermmissing,,,,1,,,,,,
National Center for Missing and Exploited Children ,Children's Rights ,https://www.missingkids.org/theissues/onlineenticement,,,,1,,,,,,
National Center for Missing and Exploited Children ,Children's Rights ,https://www.missingkids.org/theissues/runaways,,,,1,,,,,,
National Center for Missing and Exploited Children ,Children's Rights ,https://www.missingkids.org/theissues/csam,,,,1,,,,,,
National Center for Missing and Exploited Children ,Children's Rights ,https://www.missingkids.org/theissues/trafficking,,,,1,,,,,,
National Center for Missing and Exploited Children ,Children's Rights ,https://www.missingkids.org/content/dam/missingkids/pdfs/CST%20Identification%20Resource.pdf,,,,1,,,,,,
National Center for Missing and Exploited Children ,Children's Rights ,https://www.missingkids.org/content/dam/missingkids/pdfs/ncmec-analysis/Missing%20Male%20Victims%20of%20Child%20Sex%20Trafficking_EXTERNAL.PDF,,,,1,,,,,,
National Center for Missing and Exploited Children ,Children's Rights ,https://www.missingkids.org/theissues/familyabduction,,,,1,,,,,,
National Center for Missing and Exploited Children ,Children's Rights ,https://www.missingkids.org/theissues/infantabductions,,,,1,,,,,,
National Center for Missing and Exploited Children ,Children's Rights ,https://www.missingkids.org/theissues/missingfromcare,,,,1,,,,,,
National Center for Missing and Exploited Children ,Children's Rights ,https://www.missingkids.org/theissues/othertypes,,,,1,,,,,,
National Center for Missing and Exploited Children ,Children's Rights ,https://www.missingkids.org/theissues/sextortion,,,,1,,,,,,
National Center for Missing and Exploited Children ,Children's Rights ,https://www.missingkids.org/theissues/nonfamily,,,,1,,,,,,
National Center for Missing and Exploited Children ,Children's Rights ,https://www.missingkids.org/ourwork/impact,,,,1,,,,,,
National Center for Missing and Exploited Children ,Children's Rights ,https://www.missingkids.org/blog/2019/post-update/end-to-end-encryption,,,,,1,,,,,
National Center for Missing and Exploited Children ,Children's Rights ,https://www.missingkids.org/blog/2020/an-open-letter-to-the-technology-industry,,,,,1,,,,,
National Center for Missing and Exploited Children ,Children's Rights ,https://www.missingkids.org/content/dam/missingkids/pdfs/Captured%20on%20Film.pdf,,,,,1,,,,,
National Center for Missing and Exploited Children ,Children's Rights ,https://www.missingkids.org/content/dam/missingkids/pdfs/legal-briefs/amicusncmecbackpage.pdf,,,,,1,,,,,
National Center for Missing and Exploited Children ,Children's Rights ,https://www.hsgac.senate.gov/imo/media/doc/Souras%20Testimony%20-%20PSI%202015-11-19.pdf,,,,,1,,,,,
National Center for Missing and Exploited Children ,Children's Rights ,https://www.missingkids.org/content/ncmec/en/blog/2020/we-are-in-danger-of-losing-the-global-battle-for-child-safety.html,,,,,1,,,,,
National Center for Missing and Exploited Children ,Children's Rights ,https://www.missingkids.org/content/ncmec/en/blog/2022/sextortion-the-hidden-pandemic.html,,,,,1,,,,,
National Center for Missing and Exploited Children ,Children's Rights ,https://www.missingkids.org/content/ncmec/en/blog/2022/earn-it-act-2022.html,,,,,1,,,,,
National Center for Missing and Exploited Children ,Children's Rights ,https://www.missingkids.org/content/ncmec/en/blog/2021/adams-legacy-endures-15-years-of-child-protection.html,,,,,1,,,,,
National Center for Missing and Exploited Children ,Children's Rights ,https://www.missingkids.org/content/ncmec/en/blog/2020/open-letter-entertainment-industry.html,,,,,1,,,,,
National Center for Missing and Exploited Children ,Children's Rights ,https://www.missingkids.org/content/ncmec/en/blog/2020/earn-it-act-2020.html,,,,,1,,,,,
National Center for Missing and Exploited Children ,Children's Rights ,https://www.missingkids.org/content/ncmec/en/blog/2020/letter-from-john-clark-on-child-sex-trafficking.html,,,,,1,,,,,
National Center for Missing and Exploited Children ,Children's Rights ,https://www.missingkids.org/content/ncmec/en/blog/2019/post-update/boys-for-sale--too.html,,,,,1,,,,,
National Center for Missing and Exploited Children ,Children's Rights ,https://www.missingkids.org/content/ncmec/en/blog/2019/pre-update/marck-up-of-sesta.html,,,,,1,,,,,
National Center for Missing and Exploited Children ,Children's Rights ,https://www.missingkids.org/content/ncmec/en/blog/2019/pre-update/fight-to-the-cloud.html,,,,,1,,,,,
National Center for Missing and Exploited Children ,Children's Rights ,https://www.missingkids.org/content/dam/missingkids/pdfs/2020%20Year%20in%20Review.pdf,,,,,,,1,,,
National Center for Missing and Exploited Children ,Children's Rights ,https://www.missingkids.org/content/dam/missingkids/pdfs/2019%20Year%20in%20Review%20Web.pdf,,,,,,,1,,,
National Center for Missing and Exploited Children ,Children's Rights ,https://www.missingkids.org/content/dam/missingkids/pdfs/2018%20Year%20in%20Review-web.pdf,,,,,,,1,,,
National Center for Missing and Exploited Children ,Children's Rights ,https://www.missingkids.org/content/dam/missingkids/pdfs/2021-year-in-review.pdf,,,,,,,1,,,
,,,,,,,,,,,,
Stand for Children ,Children's Rights ,http://stand.org/,1,,,,,,,,,
Stand for Children ,Children's Rights ,http://stand.org/national/blog/locking-kids-isnt-answer,,,,,1,,,,,
Stand for Children ,Children's Rights ,http://stand.org/national/blog/continuous-struggle,,,,,1,,,,,
Stand for Children ,Children's Rights ,http://stand.org/national/blog/filling-missing-pieces,,,,,1,,,,,
Stand for Children ,Children's Rights ,http://stand.org/national/blog/cost-youth-prosecution,,,,,1,,,,,
Stand for Children ,Children's Rights ,http://stand.org/national/blog/court-fees-trap-youth-justice-system,,,,,1,,,,,
Stand for Children ,Children's Rights ,http://stand.org/national/blog/indiana-passes-youth-justice-reform-bill,,,,,1,,,,,
Stand for Children ,Children's Rights ,http://stand.org/national/blog/luck-should-have-nothing-do-education,,,,,1,,,,,
Stand for Children ,Children's Rights ,http://stand.org/national/blog/stand-opposes-waivers-idea-and-rehab-act,,,,,1,,,,,
Stand for Children ,Children's Rights ,http://stand.org/national/blog/stand-stronger-and-fight-harder,,,,,1,,,,,
Stand for Children ,Children's Rights ,http://stand.org/national/blog/public-charge-and-immigrant-families,,,,,1,,,,,
Stand for Children ,Children's Rights ,http://stand.org/national/blog/stand-supports-dream-and-promise-act,,,,,1,,,,,
Stand for Children ,Children's Rights ,http://stand.org/national/blog/speak-protect-immigrant-families,,,,,1,,,,,
Stand for Children ,Children's Rights ,http://stand.org/national/blog/2018/01/12/we-cant-stand-sidelines,,,,,1,,,,,
Stand for Children ,Children's Rights ,http://stand.org/national/blog/2017/07/20/take-action-dream-act-2017,,,,,1,,,,,
Stand for Children ,Children's Rights ,http://stand.org/national/blog/2016/01/15/education-civil-right,,,,,1,,,,,
Stand for Children ,Children's Rights ,https://stand.org/sites/default/files/National/Documents/Annual_Report_2021.pdf,,,,,,,1,,,
Stand for Children ,Children's Rights ,https://reports.stand.org/annual/2020,,,,,,,1,,,
Stand for Children ,Children's Rights ,https://reports.stand.org/annual/2019/,,,,,,,1,,,
Stand for Children ,Children's Rights ,https://reports.stand.org/annual/2018,,,,,,,1,,,
,,,,,,,,,,,,
Human Rights Watch ,Children's Rights ,https://www.hrw.org,1,,,,,,,,,
Human Rights Watch ,Children's Rights ,https://www.hrw.org/topic/childrens-rights,,1,,,,,,,,
Human Rights Watch ,Children's Rights ,https://www.hrw.org/report/2021/12/16/they-are-destroying-our-future/armed-separatist-attacks-students-teachers-and,,,1,,,,,,,
Human Rights Watch ,Children's Rights ,https://www.hrw.org/report/2021/10/07/enforced-misery/degrading-treatment-migrant-children-and-adults-northern-france,,,1,,,,,,,
Human Rights Watch ,Children's Rights ,https://www.hrw.org/report/2021/09/14/i-thought-myself-defective/neglecting-rights-lgbt-youth-south-korean-schools,,,1,,,,,,,
Human Rights Watch ,Children's Rights ,https://www.hrw.org/report/2021/05/17/years-dont-wait-them/increased-inequalities-childrens-right-education-due-covid,,,1,,,,,,,
Human Rights Watch ,Children's Rights ,https://www.hrw.org/report/2021/03/18/i-wanted-run-away/abusive-dress-codes-women-and-girls-indonesia,,,1,,,,,,,
Human Rights Watch ,Children's Rights ,https://www.hrw.org/report/2021/01/06/im-drowning/children-and-families-sent-harm-us-remain-mexico-program,,,1,,,,,,,
Human Rights Watch ,Children's Rights ,https://www.hrw.org/report/2020/12/09/its-constant-fight/school-related-sexual-violence-and-young-survivors-struggle,,,1,,,,,,,
Human Rights Watch ,Children's Rights ,https://www.hrw.org/report/2020/07/20/i-was-hit-so-many-times-i-cant-count/abuse-child-athletes-japan,,,1,,,,,,,
Human Rights Watch ,Children's Rights ,https://www.hrw.org/report/2020/07/08/it-wasnt-really-safety-it-was-shame/young-people-sexual-health-education-and-hpv,,,1,,,,,,,
Human Rights Watch ,Children's Rights ,https://www.hrw.org/report/2020/06/26/i-want-continue-study/barriers-secondary-education-syrian-refugee-children-jordan,,,1,,,,,,,
Human Rights Watch ,Children's Rights ,https://www.hrw.org/report/2020/06/18/they-talk-us-were-dogs/abusive-police-stops-france,,,1,,,,,,,
Human Rights Watch ,Children's Rights ,https://www.hrw.org/report/2020/05/27/our-happy-family-gone/impact-war-drugs-children-philippines,,,1,,,,,,,
Human Rights Watch ,Children's Rights ,https://www.hrw.org/report/2020/03/23/no-one-cared-he-was-child/egyptian-security-forces-abuse-children-detention,,,1,,,,,,,
Human Rights Watch ,Children's Rights ,https://www.hrw.org/report/2020/01/27/long-we-live-streets-they-will-beat-us/rwandas-abusive-detention-children,,,1,,,,,,,
Human Rights Watch ,Children's Rights ,https://www.hrw.org/report/2019/12/16/these-children-dont-belong-streets/roadmap-ending-exploitation-abuse-talibes,,,1,,,,,,,
Human Rights Watch ,Children's Rights ,https://www.hrw.org/report/2019/12/03/are-we-not-human/denial-education-rohingya-refugee-children-bangladesh,,,1,,,,,,,
Human Rights Watch ,Children's Rights ,https://www.hrw.org/report/2019/10/02/just-other-kids/lack-access-inclusive-quality-education-children-disabilities,,,1,,,,,,,
Human Rights Watch ,Children's Rights ,https://www.hrw.org/report/2019/09/10/they-didnt-know-if-i-was-alive-or-dead/military-detention-children-suspected-boko,,,1,,,,,,,
Human Rights Watch ,Children's Rights ,https://www.hrw.org/report/2019/09/05/subject-whim/treatment-unaccompanied-migrant-children-french-hautes-alpes,,,1,,,,,,,
Human Rights Watch ,Children's Rights ,https://www.hrw.org/report/2019/08/23/we-have-be-worried/impact-lead-contamination-childrens-rights-kabwe-zambia,,,1,,,,,,,
Human Rights Watch ,Children's Rights ,https://www.hrw.org/report/2019/06/18/i-felt-world-was-falling-down-me/adolescent-girls-sexual-and-reproductive-health,,,1,,,,,,,
Human Rights Watch ,Children's Rights ,https://www.hrw.org/report/2019/06/11/there-enormous-suffering/serious-abuses-against-talibe-children-senegal-2017-2018,,,1,,,,,,,
Human Rights Watch ,Children's Rights ,https://www.hrw.org/report/2019/05/13/i-dont-want-my-child-be-beaten/corporal-punishment-lebanons-schools,,,1,,,,,,,
Human Rights Watch ,Children's Rights ,https://www.hrw.org/report/2019/03/06/everyone-must-confess/abuses-against-children-suspected-isis-affiliation-iraq,,,1,,,,,,,
Human Rights Watch ,Children's Rights ,https://www.hrw.org/report/2018/12/12/no-support/russias-gay-propaganda-law-imperils-lgbt-youth,,,1,,,,,,,
Human Rights Watch ,Children's Rights ,https://www.hrw.org/report/2018/11/12/shall-i-feed-my-daughter-or-educate-her/barriers-girls-education-pakistan,,,1,,,,,,,
Human Rights Watch ,Children's Rights ,https://www.hrw.org/report/2018/10/18/its-not-normal/sexual-exploitation-harassment-and-abuse-secondary-schools-senegal,,,1,,,,,,,
Human Rights Watch ,Children's Rights ,https://www.hrw.org/report/2018/07/18/without-education-they-lose-their-future/denial-education-child-asylum-seekers,,,1,,,,,,,
Human Rights Watch ,Children's Rights ,https://www.hrw.org/report/2018/07/04/lottery/arbitrary-treatment-unaccompanied-migrant-children-paris,,,1,,,,,,,
Human Rights Watch ,Children's Rights ,https://www.hrw.org/report/2018/04/05/bitter-harvest/child-labor-and-human-rights-abuses-tobacco-farms-zimbabwe,,,1,,,,,,,
Human Rights Watch ,Children's Rights ,https://www.hrw.org/report/2018/02/28/freezer/abusive-conditions-women-and-children-us-immigration-holding-cells,,,1,,,,,,,
Human Rights Watch ,Children's Rights ,https://www.hrw.org/report/2018/02/21/its-were-always-prison/abuses-against-boys-accused-national-security-offenses,,,1,,,,,,,
Human Rights Watch ,Children's Rights ,https://www.hrw.org/report/2017/10/17/i-wont-be-doctor-and-one-day-youll-be-sick/girls-access-education-afghanistan,,,1,,,,,,,
Human Rights Watch ,Children's Rights ,https://www.hrw.org/report/2017/07/27/living-hell/police-abuses-against-child-and-adult-migrants-calais,,,1,,,,,,,
Human Rights Watch ,Children's Rights ,https://www.hrw.org/report/2017/07/25/i-want-be-nature-made-me/medically-unnecessary-surgeries-intersex-children-us,,,1,,,,,,,
Human Rights Watch ,Children's Rights ,https://www.hrw.org/report/2017/07/11/i-still-see-talibes-begging/government-program-protect-talibe-children-senegal,,,1,,,,,,,
Human Rights Watch ,Children's Rights ,https://www.hrw.org/report/2017/06/27/we-cant-refuse-pick-cotton/forced-and-child-labor-linked-world-bank-group,,,1,,,,,,,
Human Rights Watch ,Children's Rights ,https://www.hrw.org/report/2017/06/21/just-let-us-be/discrimination-against-lgbt-students-philippines,,,1,,,,,,,
Human Rights Watch ,Children's Rights ,https://www.hrw.org/report/2017/03/27/dreams-turned-nightmares/attacks-students-teachers-and-schools-pakistan,,,1,,,,,,,
Human Rights Watch ,Children's Rights ,https://www.hrw.org/report/2016/12/08/walking-through-hailstorm/discrimination-against-lgbt-youth-us-schools,,,1,,,,,,,
Human Rights Watch ,Children's Rights ,https://www.hrw.org/report/2016/09/14/shut-out/restrictions-bathroom-and-locker-room-access-transgender-youth-us,,,1,,,,,,,
Human Rights Watch ,Children's Rights ,https://www.hrw.org/report/2016/09/09/our-time-sing-and-play/child-marriage-nepal,,,1,,,,,,,
Human Rights Watch ,Children's Rights ,https://www.hrw.org/report/2016/09/08/why-are-you-keeping-me-here/unaccompanied-children-detained-greece,,,1,,,,,,,
Human Rights Watch ,Children's Rights ,https://www.hrw.org/report/2016/08/16/were-afraid-their-future/barriers-education-syrian-refugee-children-jordan,,,1,,,,,,,
Human Rights Watch ,Children's Rights ,https://www.hrw.org/report/2016/07/28/extreme-measures/abuses-against-children-detained-national-security-threats,,,1,,,,,,,
Human Rights Watch ,Children's Rights ,https://www.hrw.org/report/2016/07/19/growing-without-education/barriers-education-syrian-refugee-children-lebanon,,,1,,,,,,,
Human Rights Watch ,Children's Rights ,https://www.hrw.org/report/2016/07/15/they-bear-all-pain/hazardous-child-labor-afghanistan,,,1,,,,,,,
Human Rights Watch ,Children's Rights ,https://www.hrw.org/report/2016/06/09/seeking-refuge/unaccompanied-children-sweden,,,1,,,,,,,
Human Rights Watch ,Children's Rights ,https://www.hrw.org/report/2016/06/08/it-my-dream-leave-place/children-disabilities-serbian-institutions,,,1,,,,,,,
Human Rights Watch ,Children's Rights ,https://www.hrw.org/report/2016/05/24/harvest-my-blood/hazardous-child-labor-tobacco-farming-indonesia,,,1,,,,,,,
Human Rights Watch ,Children's Rights ,https://www.hrw.org/report/2016/05/05/nail-sticks-out-gets-hammered-down/lgbt-bullying-and-exclusion-japanese-schools,,,1,,,,,,,
Human Rights Watch ,Children's Rights ,https://www.hrw.org/report/2016/03/31/closed-doors/mexicos-failure-protect-central-american-refugee-and-migrant,,,1,,,,,,,
Human Rights Watch ,Children's Rights ,https://www.hrw.org/report/2016/02/11/studying-under-fire/attacks-schools-military-use-schools-during-armed-conflict,,,1,,,,,,,
Human Rights Watch ,Children's Rights ,https://www.hrw.org/report/2015/12/14/we-can-die-too/recruitment-and-use-child-soldiers-south-sudan,,,1,,,,,,,
Human Rights Watch ,Children's Rights ,https://www.hrw.org/report/2015/12/09/teens-tobacco-fields/child-labor-united-states-tobacco-farming,,,1,,,,,,,
Human Rights Watch ,Children's Rights ,https://www.hrw.org/report/2015/11/08/when-i-picture-my-future-i-see-nothing/barriers-education-syrian-refugee-children,,,1,,,,,,,
Human Rights Watch ,Children's Rights ,https://www.hrw.org/report/2015/10/27/our-school-became-battlefield/using-schools-child-recruitment-and-military,,,1,,,,,,,
Human Rights Watch ,Children's Rights ,https://www.hrw.org/report/2015/09/29/what-if-something-went-wrong/hazardous-child-labor-small-scale-gold-mining,,,1,,,,,,,
Human Rights Watch ,Children's Rights ,https://www.hrw.org/report/2015/08/18/complicit-exclusion/south-africas-failure-guarantee-inclusive-education-children,,,1,,,,,,,
Human Rights Watch ,Children's Rights ,https://www.hrw.org/report/2015/06/10/precious-metal-cheap-labor/child-labor-and-corporate-responsibility-ghanas,,,1,,,,,,,
Human Rights Watch ,Children's Rights ,https://www.hrw.org/report/2015/06/09/marry-your-house-swept-away/child-marriage-bangladesh,,,1,,,,,,,
Human Rights Watch ,Children's Rights ,https://www.hrw.org/report/2015/04/13/ripe-abuse/palestinian-child-labor-israeli-agricultural-settlements-west-bank,,,1,,,,,,,
Human Rights Watch ,Children's Rights ,https://www.hrw.org/report/2014/10/29/no-way-out/child-marriage-and-human-rights-abuses-tanzania,,,1,,,,,,,
Human Rights Watch ,Children's Rights ,https://www.hrw.org/report/2014/10/16/you-dont-have-rights-here/us-border-screening-and-returns-central-americans-risk,,,1,,,,,,,
Human Rights Watch ,Children's Rights ,https://www.hrw.org/report/2014/09/15/abandoned-state/violence-neglect-and-isolation-children-disabilities-russian,,,1,,,,,,,
Human Rights Watch ,Children's Rights ,https://www.hrw.org/report/2014/09/01/two-years-no-moon/immigration-detention-children-thailand,,,1,,,,,,,
Human Rights Watch ,Children's Rights ,https://www.hrw.org/report/2014/07/17/where-do-you-want-us-go/abuses-against-street-children-uganda,,,1,,,,,,,
Human Rights Watch ,Children's Rights ,https://www.hrw.org/report/2014/06/22/maybe-we-live-and-maybe-we-die/recruitment-and-use-children-armed-groups-syria,,,1,,,,,,,
Human Rights Watch ,Children's Rights ,https://www.hrw.org/report/2014/05/13/tobaccos-hidden-children/hazardous-child-labor-united-states-tobacco-farming,,,1,,,,,,,
Human Rights Watch ,Children's Rights ,https://www.hrw.org/report/2014/05/01/without-dreams/children-alternative-care-japan,,,1,,,,,,,
Human Rights Watch ,Children's Rights ,https://www.hrw.org/report/2014/04/22/they-say-were-dirty/denying-education-indias-marginalized,,,1,,,,,,,
Human Rights Watch ,Children's Rights ,https://www.hrw.org/report/2014/04/10/branded-life/floridas-prosecution-children-adults-under-its-direct-file-statute,,,1,,,,,,,
Human Rights Watch ,Children's Rights ,https://www.hrw.org/report/2014/03/19/exploitation-name-education/uneven-progress-ending-forced-child-begging-senegal,,,1,,,,,,,
Human Rights Watch ,Children's Rights ,https://www.hrw.org/report/2014/03/06/ive-never-experienced-happiness/child-marriage-malawi,,,1,,,,,,,
Human Rights Watch ,Children's Rights ,https://www.hrw.org/report/2013/08/28/toxic-toil/child-labor-and-mercury-exposure-tanzanias-small-scale-gold-mines,,,1,,,,,,,
Human Rights Watch ,Children's Rights ,https://www.hrw.org/report/2013/07/15/long-they-let-us-stay-class/barriers-education-persons-disabilities-china,,,1,,,,,,,
Human Rights Watch ,Children's Rights ,https://www.hrw.org/report/2013/06/23/barely-surviving/detention-abuse-and-neglect-migrant-children-indonesia,,,1,,,,,,,
Human Rights Watch ,Children's Rights ,https://www.hrw.org/report/2013/05/01/raised-registry/irreparable-harm-placing-children-sex-offender-registries-us,,,1,,,,,,,
Human Rights Watch ,Children's Rights ,https://www.hrw.org/report/2013/03/07/old-man-can-feed-us-you-will-marry-him/child-and-forced-marriage-south-sudan,,,1,,,,,,,
Human Rights Watch ,Children's Rights ,https://www.hrw.org/report/2013/02/07/breaking-silence/child-sexual-abuse-india,,,1,,,,,,,
Human Rights Watch ,Children's Rights ,https://www.hrw.org/report/2013/01/21/turned-away/summary-returns-unaccompanied-migrant-children-and-adult-asylum,,,1,,,,,,,
Human Rights Watch ,Children's Rights ,https://www.hrw.org/report/2012/11/15/lonely-servitude/child-domestic-labor-morocco,,,1,,,,,,,
Human Rights Watch ,Children's Rights ,https://www.hrw.org/report/2012/10/10/growing-locked-down/youth-solitary-confinement-jails-and-prisons-across-united,,,1,,,,,,,
Human Rights Watch ,Children's Rights ,https://www.hrw.org/report/2012/07/18/boat-ride-detention/adult-and-child-migrants-malta,,,1,,,,,,,
Human Rights Watch ,Children's Rights ,https://www.hrw.org/report/2012/03/01/when-i-dietheyll-send-me-home/youth-sentenced-life-prison-without-parole,,,1,,,,,,,
Human Rights Watch ,Children's Rights ,https://www.hrw.org/report/2012/02/20/no-place-children/child-recruitment-forced-marriage-and-attacks-schools-somalia,,,1,,,,,,,
Human Rights Watch ,Children's Rights ,https://www.hrw.org/report/2012/01/03/against-all-odds/prison-conditions-youth-offenders-serving-life-without-parole,,,1,,,,,,,
Human Rights Watch ,Children's Rights ,https://www.hrw.org/report/2011/12/07/how-come-you-allow-little-girls-get-married/child-marriage-yemen,,,1,,,,,,,
Human Rights Watch ,Children's Rights ,https://www.hrw.org/report/2011/12/06/poisonous-mix/child-labor-mercury-and-artisanal-gold-mining-mali,,,1,,,,,,,
Human Rights Watch ,Children's Rights ,https://www.hrw.org/report/2011/08/24/futures-stolen/barriers-education-children-disabilities-nepal,,,1,,,,,,,
Human Rights Watch ,Children's Rights ,https://www.hrw.org/report/2010/09/09/needless-pain/government-failure-provide-palliative-care-children-kenya,,,1,,,,,,,
Human Rights Watch ,Children's Rights ,https://www.hrw.org/report/2010/06/22/eternal-emergency/no-end-unaccompanied-migrant-childrens-institutionalization,,,1,,,,,,,
Human Rights Watch ,Children's Rights ,https://www.hrw.org/report/2010/05/12/my-so-called-emancipation/foster-care-homelessness-california-youth,,,1,,,,,,,
Human Rights Watch ,Children's Rights ,https://www.hrw.org/report/2010/05/05/fields-peril/child-labor-us-agriculture,,,1,,,,,,,
Human Rights Watch ,Children's Rights ,https://www.hrw.org/report/2010/04/15/backs-children/forced-begging-and-other-abuses-against-talibes-senegal,,,1,,,,,,,
Human Rights Watch ,Children's Rights ,https://www.hrw.org/report/2009/12/02/locked-far-away/transfer-immigrants-remote-detention-centers-united-states,,,1,,,,,,,
Human Rights Watch ,Children's Rights ,https://www.hrw.org/report/2009/08/10/impairing-education/corporal-punishment-students-disabilities-us-public-schools,,,1,,,,,,,
Human Rights Watch ,Children's Rights ,https://www.hrw.org/report/2008/12/22/left-survive/systematic-failure-protect-unaccompanied-migrant-children-greece,,,1,,,,,,,
Human Rights Watch ,Children's Rights ,https://www.hrw.org/report/2008/08/19/violent-education/corporal-punishment-children-us-public-schools,,,1,,,,,,,
Human Rights Watch ,Children's Rights ,http://www.hrw.org/legacy/reports/1995/Us.htm,,,1,,,,,,,
Human Rights Watch ,Children's Rights ,https://www.hrw.org/report/1993/05/01/frontier-injustice/human-rights-abuses-along-us-border-mexico-persist-amid,,,1,,,,,,,
Human Rights Watch ,Children's Rights ,https://www.hrw.org/report/2007/09/11/no-easy-answers/sex-offender-laws-us,,,1,,,,,,,
Human Rights Watch ,Children's Rights ,https://www.hrw.org/report/2007/06/01/omar-khadr-case/teenager-imprisoned-guantanamo,,,1,,,,,,,
Human Rights Watch ,Children's Rights ,https://www.hrw.org/report/2006/09/24/custody-and-control/conditions-confinement-new-yorks-juvenile-prisons-girls,,,1,,,,,,,
Human Rights Watch ,Children's Rights ,https://www.hrw.org/report/2005/10/11/rest-their-lives/life-without-parole-child-offenders-united-states,,,1,,,,,,,
Human Rights Watch ,Children's Rights ,https://www.hrw.org/report/2005/02/01/thrown-away,,,1,,,,,,,
Human Rights Watch ,Children's Rights ,http://hrw.org/reports/2002/usa0902/USA0902.pdf,,,1,,,,,,,
Human Rights Watch ,Children's Rights ,http://www.hrw.org/legacy/reports/2001/uslgbt/toc.htm,,,1,,,,,,,
Human Rights Watch ,Children's Rights ,https://www.hrw.org/report/2000/06/02/fingers-bone/united-states-failure-protect-child-farmworkers,,,1,,,,,,,
Human Rights Watch ,Children's Rights ,http://www.hrw.org/legacy/reports/1999/maryland/,,,1,,,,,,,
Human Rights Watch ,Children's Rights ,http://www.hrw.org/legacy/reports98/ins2/,,,1,,,,,,,
Human Rights Watch ,Children's Rights ,https://www.hrw.org/report/1997/08/01/high-country-lockup/children-confinement-colorado,,,1,,,,,,,
Human Rights Watch ,Children's Rights ,http://www.hrw.org/legacy/reports/1996/Us.htm,,,1,,,,,,,
Human Rights Watch ,Children's Rights ,https://www.hrw.org/report/1995/10/01/children-confinement-louisiana,,,1,,,,,,,
Human Rights Watch ,Children's Rights ,https://www.hrw.org/news/2011/11/17/child-farmworkers-united-states-worst-form-child-labor,,,1,,,,,,,
Human Rights Watch ,Children's Rights ,https://www.hrw.org/topic/childrens-rights/education,,,,1,,,,,,
Human Rights Watch ,Children's Rights ,https://www.hrw.org/topic/childrens-rights/attacks-education,,,,1,,,,,,
Human Rights Watch ,Children's Rights ,https://www.hrw.org/topic/childrens-rights/child-soldiers,,,,1,,,,,,
Human Rights Watch ,Children's Rights ,https://www.hrw.org/topic/childrens-rights/child-labor,,,,1,,,,,,
Human Rights Watch ,Children's Rights ,https://www.hrw.org/topic/childrens-rights/juvenile-justice,,,,1,,,,,,
Human Rights Watch ,Children's Rights ,https://www.hrw.org/topic/childrens-rights/refugees-and-migrants,,,,1,,,,,,
Human Rights Watch ,Children's Rights ,https://www.hrw.org/topic/childrens-rights/intersex-children,,,,1,,,,,,
Human Rights Watch ,Children's Rights ,https://www.hrw.org/news/2022/06/30/lesbian-parents-us-should-not-need-adopt-their-own-children,,,,1,,,,,,
Human Rights Watch ,Children's Rights ,https://www.hrw.org/news/2022/06/23/us-states-should-protect-youth-abortion-access,,,,1,,,,,,
Human Rights Watch ,Children's Rights ,https://www.hrw.org/news/2022/06/15/us-immigrants-who-arrived-children-remain-stuck-impermanence,,,,1,,,,,,
Human Rights Watch ,Children's Rights ,https://www.hrw.org/news/2022/06/13/world-day-against-child-labor-us-should-protect-young-farmworkers,,,,1,,,,,,
Human Rights Watch ,Children's Rights ,https://www.hrw.org/news/2022/05/20/new-york-committee-investigate-states-child-welfare-system,,,,1,,,,,,
Human Rights Watch ,Children's Rights ,https://www.hrw.org/news/2022/04/09/asylum-seekers-face-real-harm-us-border-policy,,,,1,,,,,,
Human Rights Watch ,Children's Rights ,https://www.hrw.org/news/2022/02/17/florida-advances-dont-say-gay-bill,,,,1,,,,,,
Human Rights Watch ,Children's Rights ,https://www.hrw.org/news/2022/02/08/south-dakota-embraces-attacks-transgender-kids,,,,1,,,,,,
Human Rights Watch ,Children's Rights ,https://www.hrw.org/news/2021/10/08/us-should-keep-millions-children-out-poverty,,,,1,,,,,,
Human Rights Watch ,Children's Rights ,https://www.hrw.org/news/2021/09/30/us-government-should-end-child-labor-home,,,,1,,,,,,
Human Rights Watch ,Children's Rights ,https://www.hrw.org/news/2021/07/27/victory-against-child-marriage-new-york-state,,,,1,,,,,,
Human Rights Watch ,Children's Rights ,https://www.hrw.org/news/2021/06/14/signs-hope-fight-against-child-marriage,,,,1,,,,,,
Human Rights Watch ,Children's Rights ,https://www.hrw.org/news/2021/05/07/us-state-alabama-removes-anti-lgbt-language-sex-ed-law,,,,1,,,,,,
Human Rights Watch ,Children's Rights ,https://www.hrw.org/news/2021/02/13/more-action-needed-end-family-separations-and-protect-children-border,,,,1,,,,,,
Human Rights Watch ,Children's Rights ,https://www.hrw.org/news/2021/01/26/oklahoma-wants-make-gender-affirming-care-crime,,,,1,,,,,,
Human Rights Watch ,Children's Rights ,https://www.hrw.org/news/2019/11/27/new-york-governor-cuomo-should-ban-chlorpyrifos,,,,1,,,,,,
Human Rights Watch ,Children's Rights ,https://www.hrw.org/news/2019/11/13/children-working-terrifying-conditions-us-agriculture,,,,1,,,,,,
Human Rights Watch ,Children's Rights ,https://www.hrw.org/news/2019/06/26/how-help-children-detained-us-border,,,,1,,,,,,
Human Rights Watch ,Children's Rights ,https://www.hrw.org/news/2019/03/12/no-tucker-carlson-child-marriage-not-different-lifestyle-0,,,,1,,,,,,
Human Rights Watch ,Children's Rights ,https://www.hrw.org/news/2019/01/18/trumps-family-separation-affected-thousands-more-children-previously-known,,,,1,,,,,,
Human Rights Watch ,Children's Rights ,https://www.hrw.org/news/2018/12/04/more-us-child-workers-die-agriculture-any-other-industry,,,,1,,,,,,
Human Rights Watch ,Children's Rights ,https://www.hrw.org/news/2018/05/10/delaware-ends-child-marriage-49-go-and-counting,,,,1,,,,,,
Human Rights Watch ,Children's Rights ,https://www.hrw.org/news/2018/05/01/calling-california-respect-intersex-children,,,,1,,,,,,
Human Rights Watch ,Children's Rights ,https://www.hrw.org/news/2018/03/14/us-senators-urge-epa-keep-protecting-kids-pesticides,,,,1,,,,,,
Human Rights Watch ,Children's Rights ,https://www.hrw.org/news/2018/01/12/us-may-ax-regulations-and-allow-kids-work-pesticides,,,,1,,,,,,
Human Rights Watch ,Children's Rights ,https://www.hrw.org/news/2017/10/10/us-proposal-would-sacrifice-central-americas-children,,,,1,,,,,,
Human Rights Watch ,Children's Rights ,https://www.hrw.org/news/2017/06/20/texas-law-invites-discrimination-child-welfare-services,,,,1,,,,,,
Human Rights Watch ,Children's Rights ,https://www.hrw.org/news/2017/05/09/mamas-bail-out-day-campaign-aims-help-jailed-mothers,,,,1,,,,,,
Human Rights Watch ,Children's Rights ,https://www.hrw.org/news/2017/04/27/alabama-bill-would-jeopardize-children-need-families,,,,1,,,,,,
Human Rights Watch ,Children's Rights ,https://www.hrw.org/news/2017/04/06/epa-decision-could-put-children-risk,,,,1,,,,,,
Human Rights Watch ,Children's Rights ,https://www.hrw.org/news/2017/03/10/dont-try-new-york-children-adults,,,,1,,,,,,
Human Rights Watch ,Children's Rights ,https://www.hrw.org/news/2017/03/01/key-step-toward-ending-child-marriage-new-york,,,,1,,,,,,
Human Rights Watch ,Children's Rights ,https://www.hrw.org/news/2016/10/12/us-companies-should-protect-child-tobacco-workers,,,,1,,,,,,
Human Rights Watch ,Children's Rights ,https://www.hrw.org/news/2015/10/01/dispatches-us-club-1-childrens-rights,,,,1,,,,,,
Human Rights Watch ,Children's Rights ,https://www.hrw.org/news/2015/09/29/dispatches-finally-us-protect-child-farmworkers-pesticides,,,,1,,,,,,
Human Rights Watch ,Children's Rights ,https://www.hrw.org/news/2015/07/28/dispatches-mixed-us-report-child-soldiers,,,,1,,,,,,
Human Rights Watch ,Children's Rights ,https://www.hrw.org/news/2015/03/23/dispatches-new-hope-child-offenders-florida,,,,1,,,,,,
Human Rights Watch ,Children's Rights ,https://www.hrw.org/news/2015/03/20/dispatches-saving-us-children-death-penalty,,,,1,,,,,,
Human Rights Watch ,Children's Rights ,https://www.hrw.org/news/2015/02/05/dispatches-no-virginia-tobacco-fields-are-not-place-children,,,,1,,,,,,
Human Rights Watch ,Children's Rights ,https://www.hrw.org/news/2020/10/29/us-hospital-stop-harmful-intersex-surgeries-children,,,,1,,,,,,
Human Rights Watch ,Children's Rights ,https://www.hrw.org/news/2004/05/20/write-louisiana-legislature-end-juvenile-executions,,,,1,,,,,,
Human Rights Watch ,Children's Rights ,https://www.hrw.org/news/2022/03/31/us-congress-should-protect-child-farmworkers,,,,1,,,,,,
Human Rights Watch ,Children's Rights ,https://www.hrw.org/news/2022/02/04/us-border-programs-huge-toll-children,,,,1,,,,,,
Human Rights Watch ,Children's Rights ,https://www.hrw.org/news/2021/01/06/us-remain-mexico-harms-children-families,,,,1,,,,,,
Human Rights Watch ,Children's Rights ,https://www.hrw.org/news/2020/09/30/california-new-law-protects-children-police-custody,,,,1,,,,,,
Human Rights Watch ,Children's Rights ,https://www.hrw.org/news/2020/07/08/us-alabama-missing-ways-improve-young-peoples-health,,,,1,,,,,,
Human Rights Watch ,Children's Rights ,https://www.hrw.org/news/2019/12/11/new-york-cuomo-announces-pesticide-ban,,,,1,,,,,,
Human Rights Watch ,Children's Rights ,https://www.hrw.org/news/2019/09/03/us-suit-over-indefinite-detention-children,,,,1,,,,,,
Human Rights Watch ,Children's Rights ,https://www.hrw.org/news/2019/08/21/us-new-rules-allow-indefinite-detention-children,,,,1,,,,,,
Human Rights Watch ,Children's Rights ,https://www.hrw.org/news/2019/08/02/us-bill-would-shut-doors-central-americans,,,,1,,,,,,
Human Rights Watch ,Children's Rights ,https://www.hrw.org/news/2019/07/23/us-massachusetts-should-ban-child-marriage,,,,1,,,,,,
Human Rights Watch ,Children's Rights ,https://www.hrw.org/news/2018/12/24/us-unaccompanied-children-turned-back-border,,,,1,,,,,,
Human Rights Watch ,Children's Rights ,https://www.hrw.org/news/2018/06/20/us-child-detention-tent-city-image-illustrates-crisis,,,,1,,,,,,
Human Rights Watch ,Children's Rights ,https://www.hrw.org/news/2017/10/11/california-new-laws-protect-children-youth,,,,1,,,,,,
Human Rights Watch ,Children's Rights ,https://www.hrw.org/news/2017/07/25/us-harmful-surgery-intersex-children,,,,1,,,,,,
Human Rights Watch ,Children's Rights ,https://www.hrw.org/news/2017/02/14/us-new-york-children-young-14-can-marry,,,,1,,,,,,
Human Rights Watch ,Children's Rights ,https://www.hrw.org/news/2016/09/14/united-states-transgender-students-risk,,,,1,,,,,,
Human Rights Watch ,Children's Rights ,https://www.hrw.org/news/2016/08/18/us-california-bill-protect-youth-miranda-rights,,,,1,,,,,,
Human Rights Watch ,Children's Rights ,https://www.hrw.org/news/2016/03/14/us-children-face-deportation-without-lawyers,,,,1,,,,,,
Human Rights Watch ,Children's Rights ,https://www.hrw.org/news/2016/01/27/california-ballot-measure-would-reform-juvenile-justice,,,,1,,,,,,
Human Rights Watch ,Children's Rights ,https://www.hrw.org/news/2015/04/16/us-ban-hazardous-child-labor-tobacco-farming,,,,1,,,,,,
Human Rights Watch ,Children's Rights ,https://www.hrw.org/news/2015/04/08/florida-hope-children-charged-adults,,,,1,,,,,,
Human Rights Watch ,Children's Rights ,https://www.hrw.org/news/2015/03/25/california-first-release-under-new-child-offender-laws,,,,1,,,,,,
Human Rights Watch ,Children's Rights ,https://www.hrw.org/news/2015/02/19/florida-limit-prosecuting-children-adults,,,,1,,,,,,
Human Rights Watch ,Children's Rights ,https://www.hrw.org/news/2014/12/12/us-tobacco-company-bans-hiring-children-under-16,,,,1,,,,,,
Human Rights Watch ,Children's Rights ,https://www.hrw.org/news/2014/09/28/california-new-law-protect-jailed-youth,,,,1,,,,,,
Human Rights Watch ,Children's Rights ,https://www.hrw.org/news/2014/09/04/us-tobacco-growers-act-protect-child-workers,,,,1,,,,,,
Human Rights Watch ,Children's Rights ,https://www.hrw.org/news/2014/06/25/us-surge-detention-child-migrants,,,,1,,,,,,
Human Rights Watch ,Children's Rights ,https://www.hrw.org/news/2014/05/14/us-child-workers-danger-tobacco-farms,,,,1,,,,,,
Human Rights Watch ,Children's Rights ,https://www.hrw.org/news/2014/05/06/california-landmark-ruling-youth-offenders,,,,1,,,,,,
Human Rights Watch ,Children's Rights ,https://www.hrw.org/news/2014/04/10/us-florida-arbitrarily-prosecuting-children-adults,,,,1,,,,,,
Human Rights Watch ,Children's Rights ,https://www.hrw.org/news/2014/03/25/us/oas-end-juvenile-life-without-parole-sentences,,,,1,,,,,,
Human Rights Watch ,Children's Rights ,https://www.hrw.org/news/2013/09/17/california-new-youth-parole-law-promises-hope,,,,1,,,,,,
Human Rights Watch ,Children's Rights ,https://www.hrw.org/news/2013/02/05/us-act-protect-children-conflict,,,,1,,,,,,
Human Rights Watch ,Children's Rights ,https://www.hrw.org/news/2012/10/10/us-teens-solitary-confinement,,,,1,,,,,,
Human Rights Watch ,Children's Rights ,https://www.hrw.org/news/2012/08/16/us/california-chance-justice-youth,,,,1,,,,,,
Human Rights Watch ,Children's Rights ,https://www.hrw.org/news/2012/06/25/us-supreme-court-positive-youth-sentencing-ruling,,,,1,,,,,,
Human Rights Watch ,Children's Rights ,https://www.hrw.org/news/2012/04/27/us-labor-department-abandons-child-farmworkers,,,,1,,,,,,
Human Rights Watch ,Children's Rights ,https://www.hrw.org/news/2012/03/27/us-implement-farm-safety-rules-children,,,,1,,,,,,
Human Rights Watch ,Children's Rights ,https://www.hrw.org/news/2012/02/29/california-over-300-youth-face-life-without-parole,,,,1,,,,,,
Human Rights Watch ,Children's Rights ,https://www.hrw.org/news/2012/02/02/us-proposed-rules-would-save-child-farmworker-lives,,,,1,,,,,,
Human Rights Watch ,Children's Rights ,https://www.hrw.org/news/2011/10/04/us-dont-finance-child-soldiers,,,,1,,,,,,
Human Rights Watch ,Children's Rights ,https://www.hrw.org/news/2010/06/14/us-step-pressure-allies-using-child-soldiers,,,,1,,,,,,
Human Rights Watch ,Children's Rights ,https://www.hrw.org/news/2010/05/05/us-child-farmworkers-dangerous-lives,,,,1,,,,,,
Human Rights Watch ,Children's Rights ,https://www.hrw.org/news/2009/11/18/us-ratify-childrens-treaty,,,,1,,,,,,
Human Rights Watch ,Children's Rights ,https://www.hrw.org/news/2009/09/15/us-adopt-stronger-laws-child-farmworkers,,,,1,,,,,,
Human Rights Watch ,Children's Rights ,https://www.hrw.org/news/2009/08/10/us-students-disabilities-face-corporal-punishment-higher-rates,,,,1,,,,,,
Human Rights Watch ,Children's Rights ,https://www.hrw.org/news/2009/05/07/us-end-life-sentences-youth-offenders,,,,1,,,,,,
Human Rights Watch ,Children's Rights ,https://www.hrw.org/news/2009/03/25/us-review-cases-guantanamo-detainees-imprisoned-juveniles,,,,1,,,,,,
Human Rights Watch ,Children's Rights ,https://www.hrw.org/news/2009/02/12/un-strengthen-action-end-use-child-soldiers,,,,1,,,,,,
Human Rights Watch ,Children's Rights ,https://www.hrw.org/news/2008/08/19/us-end-beating-children-public-schools,,,,1,,,,,,
Human Rights Watch ,Children's Rights ,https://www.hrw.org/news/2008/06/06/us-improve-treatment-children-armed-conflict,,,,1,,,,,,
Human Rights Watch ,Children's Rights ,https://www.hrw.org/news/2008/05/19/us-respect-rights-child-detainees-iraq,,,,1,,,,,,
Human Rights Watch ,Children's Rights ,https://www.hrw.org/news/2008/02/05/us-dont-misrepresent-human-rights-watch-justify-guantanamo-trials,,,,1,,,,,,
Human Rights Watch ,Children's Rights ,https://www.hrw.org/news/2012/01/26/us-end-life-without-parole-juvenile-offenders,,,,,1,,,,,
Human Rights Watch ,Children's Rights ,https://www.hrw.org/sites/default/files/related_material/USA_HRW_NGO_Report_OPAC.pdf,,,,,1,,,,,
Human Rights Watch ,Children's Rights ,https://www.hrw.org/sites/default/files/related_material/FLW_CRC2.pdf,,,,,1,,,,,
Human Rights Watch ,Children's Rights ,https://www.hrw.org/news/2022/04/15/hrw-submission-office-high-commissioner-human-rights,,,,,1,,,,,
Human Rights Watch ,Children's Rights ,https://www.hrw.org/news/2021/02/13/more-action-needed-end-family-separations-and-protect-children-border,,,,,1,,,,,
Human Rights Watch ,Children's Rights ,https://www.hrw.org/news/2021/02/11/what-biden-needs-do-restore-rights-border,,,,,1,,,,,
Human Rights Watch ,Children's Rights ,https://www.hrw.org/news/2020/03/03/children-sent-mexico-under-trump-face-abuses-trauma,,,,,1,,,,,
Human Rights Watch ,Children's Rights ,https://www.hrw.org/news/2020/02/03/pregnant-girls-need-compassion-not-cruelty,,,,,1,,,,,
Human Rights Watch ,Children's Rights ,https://www.hrw.org/news/2019/12/10/ban-pesticide-now-gov-cuomo,,,,,1,,,,,
Human Rights Watch ,Children's Rights ,https://www.hrw.org/news/2019/11/18/america-should-not-lag-behind-protecting-children,,,,,1,,,,,
Human Rights Watch ,Children's Rights ,https://www.hrw.org/news/2019/08/19/can-human-rights-law-help-children-border,,,,,1,,,,,
Human Rights Watch ,Children's Rights ,https://www.hrw.org/news/2019/08/07/us-congress-stop-funding-cruelty-border,,,,,1,,,,,
Human Rights Watch ,Children's Rights ,https://www.hrw.org/news/2019/07/26/how-get-children-out-cages,,,,,1,,,,,
Human Rights Watch ,Children's Rights ,https://www.hrw.org/news/2019/07/02/break-chains-child-marriage,,,,,1,,,,,
Human Rights Watch ,Children's Rights ,https://www.hrw.org/news/2019/06/27/candidates-homestead-visits-will-highlight-plight-detained-migrant-children,,,,,1,,,,,
Human Rights Watch ,Children's Rights ,https://www.hrw.org/news/2019/06/12/what-congress-can-do-end-child-labor-us,,,,,1,,,,,
Human Rights Watch ,Children's Rights ,https://www.hrw.org/news/2018/10/22/immigrant-children-still-being-locked-us,,,,,1,,,,,
Human Rights Watch ,Children's Rights ,https://www.hrw.org/news/2018/10/10/intersex-guidelines-doctors-have-been-waiting,,,,,1,,,,,
Human Rights Watch ,Children's Rights ,https://www.hrw.org/news/2018/10/03/us-detention-children-only-getting-worse,,,,,1,,,,,
Human Rights Watch ,Children's Rights ,https://www.hrw.org/news/2018/07/25/migrant-kids-are-being-traumatized-not-treated-mental-health-needs,,,,,1,,,,,
Human Rights Watch ,Children's Rights ,https://www.hrw.org/news/2018/07/13/brazil-should-press-trump-reunite-families,,,,,1,,,,,
Human Rights Watch ,Children's Rights ,https://www.hrw.org/news/2018/06/25/trumps-cruel-separation-policy-has-not-ended,,,,,1,,,,,
Human Rights Watch ,Children's Rights ,https://www.hrw.org/news/2018/02/27/when-students-stand,,,,,1,,,,,
Human Rights Watch ,Children's Rights ,https://www.hrw.org/news/2018/02/05/doctors-should-stop-defining-sexual-normality,,,,,1,,,,,
Human Rights Watch ,Children's Rights ,https://www.hrw.org/news/2017/11/09/californias-3rd-gender-only-beginning-intersex-rights,,,,,1,,,,,
Human Rights Watch ,Children's Rights ,https://www.hrw.org/news/2017/09/10/if-doctor-tells-parent-surgery-could-prevent-their-childs-suicide-its-not-true,,,,,1,,,,,
Human Rights Watch ,Children's Rights ,https://www.hrw.org/news/2017/09/06/holding-dreamers-hostage-trumps-cruel-end-daca,,,,,1,,,,,
Human Rights Watch ,Children's Rights ,https://www.hrw.org/news/2016/12/16/toxic-homophobia-still-festers-americas-schools,,,,,1,,,,,
Human Rights Watch ,Children's Rights ,https://www.hrw.org/news/2016/05/16/michigans-lgbt-guidelines-deserve,,,,,1,,,,,
Human Rights Watch ,Children's Rights ,https://www.hrw.org/news/2016/04/20/we-pay-mexico-catch-refugees-kids-suffer,,,,,1,,,,,
Human Rights Watch ,Children's Rights ,https://www.hrw.org/news/2015/12/21/tobacco-fields-no-place-kids,,,,,1,,,,,
Human Rights Watch ,Children's Rights ,https://www.hrw.org/news/2015/09/09/classrooms-shouldnt-be-places-fear,,,,,1,,,,,
Human Rights Watch ,Children's Rights ,https://www.hrw.org/news/2015/09/02/anchor-baby-myth,,,,,1,,,,,
Human Rights Watch ,Children's Rights ,https://www.hrw.org/news/2015/08/03/texas-recognize-these-children,,,,,1,,,,,
Human Rights Watch ,Children's Rights ,https://www.hrw.org/news/2015/05/04/right-therapy-lgbt-youth,,,,,1,,,,,
Human Rights Watch ,Children's Rights ,https://www.hrw.org/news/2015/04/02/kids-dont-belong-adult-jails,,,,,1,,,,,
Human Rights Watch ,Children's Rights ,https://www.hrw.org/news/2015/03/27/us-refugee-program-ignores-dangers-children-face-critics-say,,,,,1,,,,,
Human Rights Watch ,Children's Rights ,https://www.hrw.org/news/2015/01/20/move-protect-states-children,,,,,1,,,,,
Human Rights Watch ,Children's Rights ,https://www.hrw.org/news/2015/01/12/helping-reduce-child-labor-farms,,,,,1,,,,,
Human Rights Watch ,Children's Rights ,https://www.hrw.org/news/2014/09/17/child-laborers-america-2014,,,,,1,,,,,
Human Rights Watch ,Children's Rights ,https://www.hrw.org/news/2014/09/02/migrant-children-need-protection-not-detention,,,,,1,,,,,
Human Rights Watch ,Children's Rights ,https://www.hrw.org/news/2014/07/22/rich-countries-barred-doors-why-arent-us-and-europe-more-welcoming,,,,,1,,,,,
Human Rights Watch ,Children's Rights ,https://www.hrw.org/news/2014/06/25/obama-pledged-limit-practice-detaining-minors-what-happened,,,,,1,,,,,
Human Rights Watch ,Children's Rights ,https://www.hrw.org/news/2014/06/12/time-get-children-out-hazardous-supply-chain,,,,,1,,,,,
Human Rights Watch ,Children's Rights ,https://www.hrw.org/news/2014/05/14/cigarette-makers-cant-market-kids-why-do-tobacco-farms-employ-them,,,,,1,,,,,
Human Rights Watch ,Children's Rights ,https://www.hrw.org/news/2014/04/10/witness-how-adult-court-changed-oliver,,,,,1,,,,,
Human Rights Watch ,Children's Rights ,https://www.hrw.org/news/2013/09/17/north-carolina-choosing-not-protect-child-farmworkers,,,,,1,,,,,
Human Rights Watch ,Children's Rights ,https://www.hrw.org/news/2013/05/17/florida-has-chance-get-mandatory-youth-sentencing-right-next-time,,,,,1,,,,,
Human Rights Watch ,Children's Rights ,https://www.hrw.org/news/2013/04/11/ban-solitary-confinement-youth-care-federal-government,,,,,1,,,,,
Human Rights Watch ,Children's Rights ,https://www.hrw.org/news/2012/11/07/ban-solitary-confinement-children,,,,,1,,,,,
Human Rights Watch ,Children's Rights ,https://www.hrw.org/news/2012/10/18/how-not-rehabilitate-young-prisoners,,,,,1,,,,,
Human Rights Watch ,Children's Rights ,https://www.hrw.org/news/2012/10/04/us-can-do-more-keep-children-battlefield,,,,,1,,,,,
Human Rights Watch ,Children's Rights ,https://www.hrw.org/news/2012/05/07/labor-department-abandons-child-farmworkers,,,,,1,,,,,
Human Rights Watch ,Children's Rights ,https://www.hrw.org/news/2011/04/04/us-comments-submitted-department-justice-proposed-standards-end-prison-rape,,,,,1,,,,,
Human Rights Watch ,Children's Rights ,https://www.hrw.org/news/2010/11/09/us-blinks-and-children-will-suffer,,,,,1,,,,,
Human Rights Watch ,Children's Rights ,https://www.hrw.org/news/2010/11/04/trial-wasnt-sentencing-omar-khadr,,,,,1,,,,,
Human Rights Watch ,Children's Rights ,https://www.hrw.org/news/2010/10/27/child-soldier-trial-guantanamo,,,,,1,,,,,
Human Rights Watch ,Children's Rights ,https://www.hrw.org/news/2010/07/26/child-farmworkers-lives-poverty-and-danger,,,,,1,,,,,
Human Rights Watch ,Children's Rights ,https://www.hrw.org/news/2010/05/05/child-labor-and-our-groceries,,,,,1,,,,,
Human Rights Watch ,Children's Rights ,https://www.hrw.org/news/2010/04/26/bringing-schools-standards-prisons,,,,,1,,,,,
Human Rights Watch ,Children's Rights ,https://www.hrw.org/news/2010/02/01/sexually-abused-nightmare-juveniles-confinement,,,,,1,,,,,
Human Rights Watch ,Children's Rights ,https://www.hrw.org/news/2009/08/11/stop-beating-students-disabilities-schools,,,,,1,,,,,
Human Rights Watch ,Children's Rights ,https://www.hrw.org/news/2009/07/30/prisons-littlest-victims,,,,,1,,,,,
Human Rights Watch ,Children's Rights ,https://www.hrw.org/news/2009/06/24/jails-must-take-measures-stop-prisoner-sex-abuse,,,,,1,,,,,
Human Rights Watch ,Children's Rights ,https://www.hrw.org/news/2009/01/01/no-way-treat-child,,,,,1,,,,,
Human Rights Watch ,Children's Rights ,https://www.hrw.org/news/2008/07/25/kids-pay-price-judiciary-committees-inaction,,,,,1,,,,,
Human Rights Watch ,Children's Rights ,https://www.hrw.org/news/2008/07/01/reforming-juvenile-injustice,,,,,1,,,,,
Human Rights Watch ,Children's Rights ,https://www.hrw.org/news/2004/02/18/juveniles-shouldnt-be-detained-adults,,,,,1,,,,,
Human Rights Watch ,Children's Rights ,https://www.hrw.org/news/2000/10/11/profiting-backs-child-laborers,,,,,1,,,,,
Human Rights Watch ,Children's Rights ,https://www.hrw.org/news/2000/08/21/united-states-must-do-part-stop-executions-juvenile-criminals,,,,,1,,,,,
Human Rights Watch ,Children's Rights ,https://www.hrw.org/news/2000/01/06/other-immigrant-children,,,,,1,,,,,
Human Rights Watch ,Children's Rights ,https://www.hrw.org/news/1999/06/27/if-us-opposes-child-labor-why-not-child-soldiers,,,,,1,,,,,
Human Rights Watch ,Children's Rights ,https://www.hrw.org/news/2018/10/01/california-governor-signs-landmark-juvenile-justice-bill,,,,,1,,,,,
Human Rights Watch ,Children's Rights ,https://www.hrw.org/news/2018/08/28/california-resolution-affirms-intersex-rights,,,,,1,,,,,
Human Rights Watch ,Children's Rights ,https://www.hrw.org/news/2017/10/11/california-new-laws-protect-children-youth,,,,,1,,,,,
Human Rights Watch ,Children's Rights ,https://www.hrw.org/news/2017/06/20/us-new-york-governor-signs-anti-child-marriage-law,,,,,1,,,,,
Human Rights Watch ,Children's Rights ,https://www.hrw.org/news/2020/03/13/human-rights-watch-letter-re-house-bill-303-and-health-care-transgender-and,,,,,1,,,,,
Human Rights Watch ,Children's Rights ,https://www.hrw.org/news/2020/02/03/human-rights-watch-letter-re-south-dakota-hb-1057-and-rights-transgender-and,,,,,1,,,,,
Human Rights Watch ,Children's Rights ,https://www.hrw.org/news/2020/01/14/letter-urge-florida-senate-reject-forced-parental-consent-abortion,,,,,1,,,,,
Human Rights Watch ,Children's Rights ,https://www.hrw.org/news/2017/10/03/statement-human-rights-watch-hearing-oversight-administrations-decision-end,,,,,1,,,,,
Human Rights Watch ,Children's Rights ,https://www.hrw.org/news/2017/05/05/submission-committee-rights-child-united-states,,,,,1,,,,,
Human Rights Watch ,Children's Rights ,https://www.hrw.org/news/2016/09/14/letter-president-obama-regarding-child-soldiers-prevention-act,,,,,1,,,,,
Human Rights Watch ,Children's Rights ,https://www.hrw.org/news/2013/06/17/us/new-york-increase-protections-farmworkers,,,,,1,,,,,
Human Rights Watch ,Children's Rights ,https://www.hrw.org/news/2013/03/11/letter-inter-american-commission-human-rights-examine-incarceration-youth-us-adult,,,,,1,,,,,
Human Rights Watch ,Children's Rights ,https://www.hrw.org/news/2012/10/19/us/pennsylvania-dont-codify-excessive-sentences-children,,,,,1,,,,,
Human Rights Watch ,Children's Rights ,https://www.hrw.org/news/2012/06/21/us/massachusetts-protect-children-disabilities,,,,,1,,,,,
Human Rights Watch ,Children's Rights ,https://www.hrw.org/news/2010/05/19/us-young-are-different-justices-rule,,,,,1,,,,,
Human Rights Watch ,Children's Rights ,https://www.hrw.org/news/2010/03/12/letter-us-attorney-general-holder-and-defense-secretary-gates-urging-repatriation,,,,,1,,,,,
Human Rights Watch ,Children's Rights ,https://www.hrw.org/news/2009/05/12/letter-urging-louisiana-state-legislature-support-bill-affecting-juvenile-life,,,,,1,,,,,
Human Rights Watch ,Children's Rights ,https://www.hrw.org/news/2009/05/07/house-judiciary-committee-should-support-juvenile-justice-accountability-and,,,,,1,,,,,
Human Rights Watch ,Children's Rights ,https://www.hrw.org/news/2008/12/09/us-human-rights-watch-urges-michigan-end-life-without-parole-juveniles,,,,,1,,,,,
Human Rights Watch ,Children's Rights ,https://www.hrw.org/news/2008/07/13/respect-human-rights-school-discipline-policies,,,,,1,,,,,
Human Rights Watch ,Children's Rights ,https://www.hrw.org/news/2008/03/26/do-not-reinstate-corporal-punishment-schools,,,,,1,,,,,
Human Rights Watch ,Children's Rights ,https://www.hrw.org/news/2005/09/25/us-proposed-waiver-could-keep-child-victims-katrina-out-school,,,,,1,,,,,
Human Rights Watch ,Children's Rights ,https://www.hrw.org/news/2004/04/27/end-juvenile-executions-new-hampshire,,,,,1,,,,,
Human Rights Watch ,Children's Rights ,https://www.hrw.org/news/2000/07/31/us-georgia-should-halt-execution,,,,,1,,,,,
Human Rights Watch ,Children's Rights ,https://www.hrw.org/news/2000/06/19/bush-should-halt-texas-execution-0,,,,,1,,,,,
Human Rights Watch ,Children's Rights ,https://www.hrw.org/news/2000/03/05/south-dakota-stop-abuses-detained-kids-0,,,,,1,,,,,
Human Rights Watch ,Children's Rights ,https://www.hrw.org/news/1998/12/14/letter-clinton-child-soldiers,,,,,1,,,,,