Organization Name,Topic area,URL,Main Web Page,Mission Statement,Policy Isssue Resources,Campaign and Advocacy,Public Facing Advocacy Writing,Newsletters,Annual reports,Speeches
Coalition to Abolish Slavery and Trafficking,Human Trafficking,https://www.castla.org/,1,,,,,,,
Coalition to Abolish Slavery and Trafficking,Human Trafficking,https://www.castla.org/about/,,1,,,,,,
Coalition to Abolish Slavery and Trafficking,Human Trafficking,https://www.castla.org/human-trafficking/,,,1,,,,,
Coalition to Abolish Slavery and Trafficking,Human Trafficking,https://www.cambridge.org/core/journals/business-and-human-rights-journal/article/expanding-californias-law-to-increase-protections-for-temporary-guest-workers-benefits-businesses/F2947651DBABC658CA383FE17A796821/share/16e57746c31403b4cdc3402da3774f572baf7b7c,,,1,,,,,
Coalition to Abolish Slavery and Trafficking,Human Trafficking,https://www.castla.org/wp-content/themes/castla/assets/files/child20labor20traffickingisachildwelfareissuefinaljuly2015-2.docx,,,1,,,,,
Coalition to Abolish Slavery and Trafficking,Human Trafficking,https://www.castla.org/wp-content/uploads/2019/11/CAST-NERA-Labor-Trafficking-Cases-Data-Analysis-Nov2019Report-Final.pdf,,,1,,,,,
Coalition to Abolish Slavery and Trafficking,Human Trafficking,https://www.castla.org/wp-content/themes/castla/assets/files/Full_Report-Practice_Implications_for_Commercially_Sex_Trafficked_Youth-Examining_Data_and_Outcomes.pdf,,,1,,,,,
Coalition to Abolish Slavery and Trafficking,Human Trafficking,https://www.castla.org/wp-content/themes/castla/assets/files/Full_Report-Practice_Implications_for_Commercially_Sex_Trafficked_Youth-Examining_Data_and_Outcomes.pdf,,,1,,,,,
Coalition to Abolish Slavery and Trafficking,Human Trafficking,https://castla.us17.list-manage.com/track/click?u=b6f7967b33fa7935d2649ec46&id=5b5a5e587a&e=ddfdbf35ad,,,1,,,,,
Coalition to Abolish Slavery and Trafficking,Human Trafficking,https://www.castla.org/wp-content/uploads/2021/07/CAST-Hotline-2021-Semiannual-Report-January-June-2021.pdf,,,,1,,,,
Coalition to Abolish Slavery and Trafficking,Human Trafficking,https://www.castla.org/wp-content/uploads/2019/11/CASTLittleHooverCommisionCommentsNov62019final.pdf,,,,1,,,,
Coalition to Abolish Slavery and Trafficking,Human Trafficking,https://www.castla.org/wp-content/uploads/2019/11/ChildLaborTraffickinginCANov2019final.pdf,,,,1,,,,
Coalition to Abolish Slavery and Trafficking,Human Trafficking,https://www.castla.org/wp-content/themes/castla/assets/files/an_analysis_of_state_safe_harbor_laws_and_recommendations_for_states_considering_future_safe_harbor_legislation.pdf,,,,1,,,,
Coalition to Abolish Slavery and Trafficking,Human Trafficking,https://www.castla.org/wp-content/themes/castla/assets/files/CASTPolicychangetips.pdf,,,,1,,,,
Coalition to Abolish Slavery and Trafficking,Human Trafficking,https://www.castla.org/human-trafficking/get-involved/,,,,,,,,
Coalition to Abolish Slavery and Trafficking,Human Trafficking,https://www.castla.org/wp-content/uploads/2020/12/2020-IR-Individual-Pages.pdf,,,,,,,1,
Coalition to Abolish Slavery and Trafficking,Human Trafficking,https://www.castla.org/wp-content/uploads/2020/10/CAST-Hotline-2019-Annual-Report.pdf,,,,,,,1,
Coalition to Abolish Slavery and Trafficking,Human Trafficking,https://www.castla.org/wp-content/themes/castla/assets/files/cast-hotline-jan-june-2018-report.pdf,,,,,,,1,
Coalition to Abolish Slavery and Trafficking,Human Trafficking,https://www.castla.org/wp-content/uploads/2020/10/CAST-Hotline-Semiannual-Report-Jan-June-2020.pdf,,,,,,,1,
Coalition to Abolish Slavery and Trafficking,Human Trafficking,https://www.castla.org/wp-content/themes/castla/assets/files/CAST_Hotline_Jul-Dec%202017_Report.pdf,,,,,,,1,
Coalition to Abolish Slavery and Trafficking,Human Trafficking,https://www.castla.org/wp-content/themes/castla/assets/files/CAST_Hotline_Jan-Jun_2017_Report.pdf,,,,,,,1,
Coalition to Abolish Slavery and Trafficking,Human Trafficking,https://www.castla.org/cast-announces-human-trafficking-budget-relief-at-press-conference/,,,,,,,,1
, ,,,,,,,,,
Polaris Project,Human Trafficking,https://swoppittsburgh.com/,1,,,,,,,
Polaris Project,Human Trafficking,https://polarisproject.org/the-big-fights/,,1,,,,,,
Polaris Project,Human Trafficking,https://polarisproject.org/sex-trafficking/,,,1,,,,,
Polaris Project,Human Trafficking,https://polarisproject.org/love-and-trafficking/,,,1,,,,,
Polaris Project,Human Trafficking,https://polarisproject.org/resources/sex-trafficking-in-the-u-s-a-closer-look-at-u-s-citizen-victims/,,,1,,,,,
Polaris Project,Human Trafficking,https://polarisproject.org/resources/more-than-drinks-for-sale-sex-trafficking-in-u-s-cantinas-and-bars/,,,1,,,,,
Polaris Project,Human Trafficking,https://polarisproject.org/resources/recruitment-human-trafficking-and-temporary-visa-workers/,,,1,,,,,
Polaris Project,Human Trafficking,https://polarisproject.org/resources/labor-exploitation-and-trafficking-of-agricultural-workers-during-the-pandemic/,,,1,,,,,
Polaris Project,Human Trafficking,https://polarisproject.org/resources/guia-esencial-para-trabajadores-del-campo/,,,1,,,,,
Polaris Project,Human Trafficking,https://polarisproject.org/resources/sexual-exploitation-during-the-pandemic/,,,1,,,,,
Polaris Project,Human Trafficking,https://polarisproject.org/resources/love-trafficking-social-media-toolkit/,,,1,,,,,
Polaris Project,Human Trafficking,https://polarisproject.org/resources/countering-qanon-understanding-the-role-of-human-trafficking-in-the-disinformation-extremist-nexus/,,,1,,,,,
Polaris Project,Human Trafficking,https://polarisproject.org/resources/sex-trafficking-and-lgbtq-youth/,,,1,,,,,
Polaris Project,Human Trafficking,https://polarisproject.org/resources/sex-trafficking-in-or-from-latin-america-research-overview-presentation/,,,1,,,,,
Polaris Project,Human Trafficking,https://polarisproject.org/sex-trafficking/,,,1,,,,,
Polaris Project,Human Trafficking,https://polarisproject.org/how-human-trafficking-happens/,,,1,,,,,
Polaris Project,Human Trafficking,https://polarisproject.org/recognizing-human-trafficking/,,,1,,,,,
Polaris Project,Human Trafficking,https://polarisproject.org/recognizing-human-trafficking-vulnerabilities-recruitment/,,,1,,,,,
Polaris Project,Human Trafficking,https://polarisproject.org/myths-facts-and-statistics/#block_5da76b0e2d4f4-1,,,1,,,,,
Polaris Project,Human Trafficking,https://polarisproject.org/centering-survivors/,,,1,,,,,
Polaris Project,Human Trafficking,https://polarisproject.org/congressional-priorities/,,,1,,,,,
Polaris Project,Human Trafficking,https://polarisproject.org/wp-content/uploads/2020/01/Polaris-TVPRA-2019-Analysis.pdf,,,1,,,,,
Polaris Project,Human Trafficking,https://polarisproject.org/resources/the-typology-of-modern-slavery-defining-sex-and-labor-trafficking-in-the-united-states/,,,1,,,,,
Polaris Project,Human Trafficking,https://polarisproject.org/human-trafficking/,,,1,,,,,
Polaris Project,Human Trafficking,https://polarisproject.org/financial-crime-case-studies/,,,1,,,,,
Polaris Project,Human Trafficking,https://polarisproject.org/blog/2021/05/trafficking-vs-smuggling-understanding-the-difference/,,,1,,,,,
Polaris Project,Human Trafficking,https://polarisproject.org/blog/2020/06/labor-trafficking-red-flags-in-latest-work-visa-program-changes/,,,1,,,,,
Polaris Project,Human Trafficking,https://polarisproject.org/policy-and-legislation/,,,,1,,,,
Polaris Project,Human Trafficking,https://polarisproject.org/wp-content/uploads/2020/01/Polaris-TVPRA-2019-Analysis.pdf,,,,1,,,,
Polaris Project,Human Trafficking,https://donate.polarisproject.org/page/54176/donate/1,,,,1,,,,
Polaris Project,Human Trafficking,https://polarisproject.org/take-action/,,,,1,,,,
Polaris Project,Human Trafficking,https://act.polarisproject.org/page/86484/action/1?ea.tracking.id=takeaction,,,,1,,,,
Polaris Project,Human Trafficking,https://act.polarisproject.org/page/84391/action/1?ea.tracking.id=takeaction,,,,1,,,,
Polaris Project,Human Trafficking,https://act.polarisproject.org/page/75903/petition/1?ea.tracking.id=takeaction,,,,1,,,,
Polaris Project,Human Trafficking,https://polarisproject.org/child-sex-trafficking/,,,,1,,,,
Polaris Project,Human Trafficking,https://polarisproject.org/2019-us-national-human-trafficking-hotline-statistics/,,,,1,,,,
Polaris Project,Human Trafficking,https://polarisproject.org/blog/2021/06/joint-open-letter-to-g7-heads-of-state-and-government/,,,,1,,,,
Polaris Project,Human Trafficking,https://polarisproject.org/blog/2020/08/what-we-know-about-how-child-sex-trafficking-happens/,,,,,1,,,
Polaris Project,Human Trafficking,https://polarisproject.org/blog/2021/08/protecting-trafficking-victims-ices-new-policy-directive/,,,,,1,,,
Polaris Project,Human Trafficking,https://polarisproject.org/blog/2021/07/human-trafficking-during-a-pandemic-what-we-can-learn-from-a-snapshot-in-time/,,,,,1,,,
Polaris Project,Human Trafficking,https://polarisproject.org/blog/2021/10/human-trafficking-101-combating-misinformation-with-education/,,,,,1,,,
Polaris Project,Human Trafficking,https://polarisproject.org/blog/2021/10/the-new-and-improved-global-modern-slavery-directory/,,,,,1,,,
Polaris Project,Human Trafficking,https://polarisproject.org/blog/2021/07/bringing-survivor-expertise-to-anti-money-laundering-professionals/,,,,,1,,,
Polaris Project,Human Trafficking,https://polarisproject.org/blog/2021/05/reducing-vulnerabilities-to-human-trafficking-with-the-equality-act/,,,,,1,,,
Polaris Project,Human Trafficking,https://polarisproject.org/blog/2021/03/the-national-survivor-study-harnessing-the-power-of-survivors-to-shed-light-on-trafficking/,,,,,1,,,
Polaris Project,Human Trafficking,https://polarisproject.org/blog/2021/03/impact-of-the-global-modern-slavery-directory-in-2020/,,,,,1,,,
Polaris Project,Human Trafficking,https://polarisproject.org/blog/2021/02/love-and-trafficking-how-traffickers-groom-control-their-victims/,,,,,1,,,
Polaris Project,Human Trafficking,https://polarisproject.org/blog/2021/02/finding-solutions-and-solidarity/,,,,,1,,,
Polaris Project,Human Trafficking,https://polarisproject.org/blog/2021/01/human-trafficking-does-not-happen-in-a-vacuum/,,,,,1,,,
Polaris Project,Human Trafficking,https://polarisproject.org/blog/2020/10/happy-20th-anniversary-trafficking-victims-protection-act/,,,,,1,,,
Polaris Project,Human Trafficking,https://polarisproject.org/blog/2020/10/lessons-learned-about-trafficking-40-years-later-a-survivors-perspective/,,,,,1,,,
Polaris Project,Human Trafficking,https://polarisproject.org/blog/2020/10/larsen-farms-should-make-agriculture-businesses-look-in-the-mirror/,,,,,1,,,
Polaris Project,Human Trafficking,https://polarisproject.org/blog/2020/09/separating-fact-from-fiction-recent-cases-of-recovered-missing-children-and-what-they-show-about-child-sex-trafficking/,,,,,1,,,
Polaris Project,Human Trafficking,https://polarisproject.org/blog/2020/08/what-we-know-about-how-child-sex-trafficking-happens/,,,,,1,,,
Polaris Project,Human Trafficking,https://polarisproject.org/blog/2020/08/polaris-cto-testifies-on-the-role-of-technology-in-countering-trafficking-in-persons/,,,,,1,,,
Polaris Project,Human Trafficking,https://polarisproject.org/blog/2020/08/why-an-increase-in-victims-and-survivors-contacting-the-trafficking-hotline-is-meaningful/,,,,,1,,,
Polaris Project,Human Trafficking,https://polarisproject.org/blog/2020/07/racial-disparities-covid-19-and-human-trafficking/,,,,,1,,,
Polaris Project,Human Trafficking,https://polarisproject.org/blog/2020/07/how-unproven-trafficking-stories-spread-online-and-why-stopping-them-matters/,,,,,1,,,
Polaris Project,Human Trafficking,https://polarisproject.org/blog/2020/07/new-georgia-law-helps-trafficking-survivors-clear-their-records/,,,,,1,,,
Polaris Project,Human Trafficking,https://polarisproject.org/blog/2020/07/human-trafficking-and-prison-labor/,,,,,1,,,
Polaris Project,Human Trafficking,https://polarisproject.org/blog/2020/07/how-the-new-supreme-court-rulings-affect-human-trafficking/,,,,,1,,,
Polaris Project,Human Trafficking,https://polarisproject.org/blog/page/4/,,,,,1,,,
Polaris Project,Human Trafficking,https://polarisproject.org/blog/page/5/,,,,,1,,,
Polaris Project,Human Trafficking,https://polarisproject.org/blog/page/6/,,,,,1,,,
Polaris Project,Human Trafficking,https://polarisproject.org/blog/page/7/,,,,,1,,,
Polaris Project,Human Trafficking,https://polarisproject.org/blog/page/8/,,,,,1,,,
Polaris Project,Human Trafficking,https://polarisproject.org/blog/page/9/,,,,,1,,,
Polaris Project,Human Trafficking,https://polarisproject.org/blog/page/10/,,,,,1,,,
Polaris Project,Human Trafficking,https://polarisproject.org/blog/page/11/,,,,,1,,,
Polaris Project,Human Trafficking,https://polarisproject.org/blog/page/12/,,,,,1,,,
Polaris Project,Human Trafficking,https://polarisproject.org/blog/page/13/,,,,,1,,,
Polaris Project,Human Trafficking,https://polarisproject.org/blog/page/14/,,,,,1,,,
Polaris Project,Human Trafficking,https://polarisproject.org/blog/page/15/,,,,,1,,,
Polaris Project,Human Trafficking,https://polarisproject.org/wp-content/uploads/2019/09/Polaris-2019-US-National-Human-Trafficking-Hotline-Data-Report.pdf,,,,,,,1,
Polaris Project,Human Trafficking,https://polarisproject.org/blog/2020/06/2020-trafficking-in-persons-report-recommendations/,,,,,,,1,
, ,,,,,,,,,
Intercommunity Justice and Peace Center ,Human Trafficking,https://ijpccincinnati.org/,1,,,,,,,
Intercommunity Justice and Peace Center ,Human Trafficking,https://ijpccincinnati.org/programs/human-trafficking/,,1,,,,,,
Intercommunity Justice and Peace Center ,Human Trafficking,https://ijpccincinnati.org/about/,,1,,,,,,
Intercommunity Justice and Peace Center ,Human Trafficking,https://documentcloud.adobe.com/link/track?uri=urn:aaid:scds:US:35909156-0e8b-4a6b-b8e9-a89226a4dc80,,,1,,,,,
Intercommunity Justice and Peace Center ,Human Trafficking,https://documentcloud.adobe.com/link/track?uri=urn:aaid:scds:US:62f7e5d2-cfe5-4bc1-ac05-b317a224abc3,,,1,,,,,
Intercommunity Justice and Peace Center ,Human Trafficking,http://ijpccincinnati.org/wp-content/uploads/2021/05/Spring-2021-FINAL-WEB.pdf,,,,,,1,,
Intercommunity Justice and Peace Center ,Human Trafficking,http://ijpccincinnati.org/wp-content/uploads/2021/03/Winter-2021-Newsletter-Final-WEB.pdf,,,,,,1,,
Intercommunity Justice and Peace Center ,Human Trafficking,http://ijpccincinnati.org/wp-content/uploads/2020/12/Fall-2020-Final-WEB.pdf,,,,,,1,,
Intercommunity Justice and Peace Center ,Human Trafficking,http://ijpccincinnati.org/wp-content/uploads/2020/09/Summer-2020-FINAL-WEB.pdf,,,,,,1,,
Intercommunity Justice and Peace Center ,Human Trafficking,http://ijpccincinnati.org/wp-content/uploads/2020/05/Spring-2020-WEB.pdf,,,,,,1,,
Intercommunity Justice and Peace Center ,Human Trafficking,http://ijpccincinnati.org/wp-content/uploads/2020/02/Winter-2020-Newsletter-WEB.pdf,,,,,,1,,
Intercommunity Justice and Peace Center ,Human Trafficking,http://ijpccincinnati.org/wp-content/uploads/2019/12/Fall-2019-Newsletter-WEB.pdf,,,,,,1,,
Intercommunity Justice and Peace Center ,Human Trafficking,http://ijpccincinnati.org/wp-content/uploads/2019/09/Summer-2019-WEB.pdf,,,,,,1,,
Intercommunity Justice and Peace Center ,Human Trafficking,http://ijpccincinnati.org/wp-content/uploads/2019/05/Spring-2019-WEB.pdf,,,,,,1,,
Intercommunity Justice and Peace Center ,Human Trafficking,http://ijpccincinnati.org/wp-content/uploads/2019/02/Winter-2019-Newsletter-for-web.pdf,,,,,,1,,
Intercommunity Justice and Peace Center ,Human Trafficking,http://ijpccincinnati.org/wp-content/uploads/2018/11/Fall-2018-Newsletter-for-web.pdf,,,,,,1,,
Intercommunity Justice and Peace Center ,Human Trafficking,http://ijpccincinnati.org/wp-content/uploads/2018/08/Summer-2018-NL-For-Web.pdf,,,,,,1,,
Intercommunity Justice and Peace Center ,Human Trafficking,http://ijpccincinnati.org/wp-content/uploads/2018/05/Spring-2018-For-Web.pdf,,,,,,1,,
Intercommunity Justice and Peace Center ,Human Trafficking,http://ijpccincinnati.org/wp-content/uploads/2018/02/Winter-2018-For-Web.pdf,,,,,,1,,
Intercommunity Justice and Peace Center ,Human Trafficking,http://ijpccincinnati.org/wp-content/uploads/2017/11/Fall-2017-For-Web.pdf,,,,,,1,,
Intercommunity Justice and Peace Center ,Human Trafficking,http://ijpccincinnati.org/wp-content/uploads/2017/08/Summer-2017-For-Web.pdf,,,,,,1,,
Intercommunity Justice and Peace Center ,Human Trafficking,http://ijpccincinnati.org/wp-content/uploads/2017/05/Spring-2017-For-Web.pdf,,,,,,1,,
Intercommunity Justice and Peace Center ,Human Trafficking,http://ijpccincinnati.org/wp-content/uploads/2017/02/Winter-2017-For-Web.pdf,,,,,,1,,
Intercommunity Justice and Peace Center ,Human Trafficking,http://ijpccincinnati.org/wp-content/uploads/2016/11/Fall-2016-For-Print.pdf,,,,,,1,,
Intercommunity Justice and Peace Center ,Human Trafficking,http://ijpccincinnati.org/wp-content/uploads/2016/07/Summer-2016-For-Online.pdf,,,,,,1,,
Intercommunity Justice and Peace Center ,Human Trafficking,https://ijpccincinnati.org/wp-content/uploads/2016/04/Spring-2016-for-Web.pdf,,,,,,1,,
Intercommunity Justice and Peace Center ,Human Trafficking,http://ijpccincinnati.org/wp-content/uploads/2016/01/Annual-Report-2014-2015.pdf,,,,,,1,,
Intercommunity Justice and Peace Center ,Human Trafficking,http://ijpccincinnati.org/wp-content/uploads/2015/10/Final-Fall-2015-Newsletter.pdf,,,,,,1,,
Intercommunity Justice and Peace Center ,Human Trafficking,http://ijpccincinnati.org/wp-content/uploads/2019/12/Annual-Report-2018-2019-LONG-WEB.pdf,,,,,,,1,
Intercommunity Justice and Peace Center ,Human Trafficking,http://ijpccincinnati.org/wp-content/uploads/2018/11/Annual-Report-2017-2018-long-for-web.pdf,,,,,,,1,
Intercommunity Justice and Peace Center ,Human Trafficking,http://ijpccincinnati.org/wp-content/uploads/2017/11/2016-annual-report-For-Web.pdf,,,,,,,1,
Intercommunity Justice and Peace Center ,Human Trafficking,http://ijpccincinnati.org/wp-content/uploads/2016/01/Annual-Report-2014-2015.pdf,,,,,,,1,
,,,,,,,,,,
National Center for Missing and Exploited Children ,Human Trafficking (also Children's Rights),https://www.missingkids.org/HOME,,1,,,,,,
National Center for Missing and Exploited Children ,Human Trafficking (also Children's Rights),https://www.missingkids.org/footer/about,,1,,,,,,
National Center for Missing and Exploited Children ,Human Trafficking (also Children's Rights),https://www.missingkids.org/content/dam/missingkids/pdfs/2020-reports-by-esp.pdf,,,1,,,,,
National Center for Missing and Exploited Children ,Human Trafficking (also Children's Rights),https://www.missingkids.org/content/dam/missingkids/pdfs/2019-reports-by-esp.pdf,,,1,,,,,
National Center for Missing and Exploited Children ,Human Trafficking (also Children's Rights),https://www.missingkids.org/content/dam/missingkids/pdfs/ncmec-analysis/Production%20and%20Active%20Trading%20of%20CSAM_FullReport_FINAL.pdf,,,1,,,,,
National Center for Missing and Exploited Children ,Human Trafficking (also Children's Rights),https://www.missingkids.org/content/dam/missingkids/pdfs/ncmec-analysis/Online%20Enticement%20Pre-Travel.pdf,,,1,,,,,
National Center for Missing and Exploited Children ,Human Trafficking (also Children's Rights),https://www.missingkids.org/content/dam/missingkids/pdfs/publications/missingchildrenstatecare.pdf,,,1,,,,,
National Center for Missing and Exploited Children ,Human Trafficking (also Children's Rights),https://www.missingkids.org/content/dam/missingkids/pdfs/publications/nc75.pdf,,,1,,,,,
National Center for Missing and Exploited Children ,Human Trafficking (also Children's Rights),https://www.missingkids.org/theissues/end-to-end-encryption,,,,1,,,,
National Center for Missing and Exploited Children ,Human Trafficking (also Children's Rights),https://www.missingkids.org/theissues/onlineenticement,,,,1,,,,
National Center for Missing and Exploited Children ,Human Trafficking (also Children's Rights),https://www.missingkids.org/theissues/runaways,,,,1,,,,
National Center for Missing and Exploited Children ,Human Trafficking (also Children's Rights),https://www.missingkids.org/theissues/csam,,,,1,,,,
National Center for Missing and Exploited Children ,Human Trafficking (also Children's Rights),https://www.missingkids.org/theissues/trafficking,,,,1,,,,
National Center for Missing and Exploited Children ,Human Trafficking (also Children's Rights),https://www.missingkids.org/content/dam/missingkids/pdfs/CST%20Identification%20Resource.pdf,,,,1,,,,
National Center for Missing and Exploited Children ,Human Trafficking (also Children's Rights),https://www.missingkids.org/content/dam/missingkids/pdfs/ncmec-analysis/Missing%20Male%20Victims%20of%20Child%20Sex%20Trafficking_EXTERNAL.PDF,,,,1,,,,
National Center for Missing and Exploited Children ,Human Trafficking (also Children's Rights),https://www.missingkids.org/theissues/missingfromcare,,,,1,,,,
National Center for Missing and Exploited Children ,Human Trafficking (also Children's Rights),https://www.missingkids.org/theissues/sextortion,,,,1,,,,
National Center for Missing and Exploited Children ,Human Trafficking (also Children's Rights),https://www.missingkids.org/ourwork/impact,,,,1,,,,
National Center for Missing and Exploited Children ,Human Trafficking (also Children's Rights),https://www.missingkids.org/content/ncmec/en/blog/2022/healthy-vs-unhealthy-relationships.html,,,,1,,,,
National Center for Missing and Exploited Children ,Human Trafficking (also Children's Rights),https://www.missingkids.org/content/ncmec/en/blog/2022/ncmec-partners-with-a21-to-prevent-human-trafficking.html,,,,1,,,,
National Center for Missing and Exploited Children ,Human Trafficking (also Children's Rights),https://www.missingkids.org/content/ncmec/en/blog/2021/addressing-child-sex-trafficking-online-training-now-available.html,,,,1,,,,
National Center for Missing and Exploited Children ,Human Trafficking (also Children's Rights),https://www.missingkids.org/content/ncmec/en/blog/2020/january-is-national-human-trafficking-prevention-month.html,,,,1,,,,
National Center for Missing and Exploited Children ,Human Trafficking (also Children's Rights),https://www.missingkids.org/content/ncmec/en/blog/2019/pre-update/trafficking-prevention-month.html,,,,1,,,,
National Center for Missing and Exploited Children ,Human Trafficking (also Children's Rights),https://www.missingkids.org/content/ncmec/en/blog/2019/pre-update/let-trafficking-victims-have-their-day-in-court.html,,,,,1,,,
National Center for Missing and Exploited Children ,Human Trafficking (also Children's Rights),https://www.missingkids.org/content/dam/missingkids/pdfs/Captured%20on%20Film.pdf,,,,,1,,,
National Center for Missing and Exploited Children ,Human Trafficking (also Children's Rights),https://www.missingkids.org/content/dam/missingkids/pdfs/legal-briefs/amicusncmecbackpage.pdf,,,,,1,,,
National Center for Missing and Exploited Children ,Human Trafficking (also Children's Rights),https://www.hsgac.senate.gov/imo/media/doc/Souras%20Testimony%20-%20PSI%202015-11-19.pdf,,,,,1,,,
National Center for Missing and Exploited Children ,Human Trafficking (also Children's Rights),https://www.missingkids.org/content/ncmec/en/blog/2022/earn-it-act-2022.html,,,,,1,,,
National Center for Missing and Exploited Children ,Human Trafficking (also Children's Rights),https://www.missingkids.org/content/ncmec/en/blog/2020/earn-it-act-2020.html,,,,,1,,,
National Center for Missing and Exploited Children ,Human Trafficking (also Children's Rights),https://www.missingkids.org/content/ncmec/en/blog/2020/letter-from-john-clark-on-child-sex-trafficking.html,,,,,1,,,
National Center for Missing and Exploited Children ,Human Trafficking (also Children's Rights),https://www.missingkids.org/content/ncmec/en/blog/2019/post-update/boys-for-sale--too.html,,,,,1,,,
National Center for Missing and Exploited Children ,Human Trafficking (also Children's Rights),https://www.missingkids.org/content/ncmec/en/blog/2019/pre-update/marck-up-of-sesta.html,,,,,1,,,
National Center for Missing and Exploited Children ,Human Trafficking (also Children's Rights),https://www.missingkids.org/content/dam/missingkids/pdfs/2020%20Year%20in%20Review.pdf,,,,,,,1,
National Center for Missing and Exploited Children ,Human Trafficking (also Children's Rights),https://www.missingkids.org/content/dam/missingkids/pdfs/2019%20Year%20in%20Review%20Web.pdf,,,,,,,1,
National Center for Missing and Exploited Children ,Human Trafficking (also Children's Rights),https://www.missingkids.org/content/dam/missingkids/pdfs/2018%20Year%20in%20Review-web.pdf,,,,,,,1,
National Center for Missing and Exploited Children ,Human Trafficking (also Children's Rights),https://www.missingkids.org/content/dam/missingkids/pdfs/2021-year-in-review.pdf,,,,,,,1,
,,,,,,,,,,
Wayne Anti Human Trafficking Coalition (WATCh), Human Trafficking,https://www.waynecac.org/services/watch-human-trafficking,1,,,,,,,
Wayne Anti Human Trafficking Coalition (WATCh), Human Trafficking,https://www.waynecac.org/services/watch-human-trafficking,,1,,,,,,
,,,,,,,,,,
Abolition Ohio , Human Trafficking,https://udayton.edu/artssciences/ctr/hrc/abolition_ohio/index.php,1,,,,,,,
Abolition Ohio , Human Trafficking,https://udayton.edu/artssciences/ctr/hrc/abolition_ohio/disrupting-imbs.php,,,1,,,,,
Abolition Ohio , Human Trafficking,https://udayton.edu/artssciences/ctr/hrc/abolition_ohio/_resources/2018/stop-2017-report.pdf,,,1,,,,,
Abolition Ohio , Human Trafficking,https://udayton.edu/artssciences/ctr/hrc/abolition_ohio/_resources/2018/miami-valley-online-commercial-sex-marketplace-analysis---2015.pdf,,,1,,,,,
Abolition Ohio , Human Trafficking,https://docs.google.com/presentation/d/1K1Bc5IjxSFJ12SDXxoqosnt4SiC-C6LA3lEEx8Oy0Xo/edit#slide=id.p7,,,1,,,,,
Abolition Ohio , Human Trafficking,https://docs.google.com/presentation/d/1RqhxDLB1xM4UieMjfIVR6uqD2WLybLky9bOiCytJ_1w/edit#slide=id.g94b6aab44d_0_145,,,1,,,,,
Abolition Ohio , Human Trafficking,https://drive.google.com/file/d/12CimNq-e-YCrf6aWwYAWr0N0Jn5MxJ2g/view,,,1,,,,,
Abolition Ohio , Human Trafficking,https://udayton.edu/artssciences/ctr/hrc/abolition_ohio/youth-prevention.php,,,,1,,,,
Abolition Ohio , Human Trafficking,https://udayton.edu/blogs/udhumanrights/2022/2022-2-2-imb-report-part-3.php,,,,,1,,,
Abolition Ohio , Human Trafficking,https://udayton.edu/blogs/udhumanrights/2022/2022-2-1-imb-report-part-2.php,,,,,1,,,
Abolition Ohio , Human Trafficking,https://udayton.edu/blogs/udhumanrights/2022/2021-01-31-imb-report-part-one.php,,,,,1,,,
Abolition Ohio , Human Trafficking,https://udayton.edu/blogs/udhumanrights/2020/2020-12-04-traffic-talk.php,,,,,1,,,
Abolition Ohio , Human Trafficking,https://udayton.edu/artssciences/ctr/hrc/abolition_ohio/index.php#/udhumanrights/2020/20-05-27-human-trafficking,,,,,1,,,
Abolition Ohio , Human Trafficking,https://udayton.edu/blogs/udhumanrights/2020/20-04-24-imb.php,,,,,1,,,
Abolition Ohio , Human Trafficking,https://udayton.edu/blogs/udhumanrights/2019/19-01-18-conversation-simanti.php,,,,,1,,,
,,,,,,,,,,
The Advocates for Human Rights , Human Trafficking,https://www.theadvocatesforhumanrights.org/Home,1,,,,,,,
The Advocates for Human Rights , Human Trafficking,https://www.theadvocatesforhumanrights.org/About,,1,,,,,,
The Advocates for Human Rights , Human Trafficking,https://www.theadvocatesforhumanrights.org/res/byid/8309,,,1,,,,,
The Advocates for Human Rights , Human Trafficking,https://www.theadvocatesforhumanrights.org/Trafficking,,,,1,,,,
The Advocates for Human Rights , Human Trafficking,https://www.theadvocatesforhumanrights.org/News/A/Index?id=275,,,,1,,,,
The Advocates for Human Rights , Human Trafficking,https://www.theadvocatesforhumanrights.org/News/A/Index?id=30,,,,1,,,,
The Advocates for Human Rights , Human Trafficking,https://www.theadvocatesforhumanrights.org/News/A/Index?id=112,,,,1,,,,
The Advocates for Human Rights , Human Trafficking,https://www.theadvocatesforhumanrights.org/News/A/Index?id=130,,,,1,,,,
The Advocates for Human Rights , Human Trafficking,https://www.theadvocatesforhumanrights.org/News/A/Index?id=34,,,,1,,,,
The Advocates for Human Rights , Human Trafficking,https://www.theadvocatesforhumanrights.org/News/A/Index?id=253,,,,,1,,,
The Advocates for Human Rights , Human Trafficking,https://www.theadvocatesforhumanrights.org/Res/ById/9344,,,,,1,,,
The Advocates for Human Rights , Human Trafficking,https://www.theadvocatesforhumanrights.org/News/A/Index?id=121,,,,,1,,,
,,,,,,,,,,
United Against Human Trafficking , Human Trafficking,https://uaht.org/,1,,,,,,,
United Against Human Trafficking , Human Trafficking,https://uaht.org/about/,,1,,,,,,
United Against Human Trafficking , Human Trafficking,https://uaht.org/human-trafficking/,,,,1,,,,
United Against Human Trafficking , Human Trafficking,https://uaht.org/everything-you-need-to-know-about-labor-trafficking/,,,,1,,,,
United Against Human Trafficking , Human Trafficking,https://uaht.org/how-natalia-found-freedom-from-jail-through-case-management/,,,,1,,,,
United Against Human Trafficking , Human Trafficking,https://uaht.org/a-sex-trafficking-survivor-maggie/,,,,1,,,,
United Against Human Trafficking , Human Trafficking,https://uaht.org/atlanta-murder-victims-were-likely-trafficked-for-sex/,,,,1,,,,
United Against Human Trafficking , Human Trafficking,https://uaht.org/one-statistic-that-will-make-you-drop-your-jaw/,,,,1,,,,
United Against Human Trafficking , Human Trafficking,https://uaht.org/3-critical-facts-about-labor-trafficking-we-cant-ignore/,,,,1,,,,
United Against Human Trafficking , Human Trafficking,https://uaht.org/is-human-trafficking-the-worst-its-ever-been/,,,,1,,,,
United Against Human Trafficking , Human Trafficking,https://uaht.org/3-survivors-you-helped-in-2019/,,,,1,,,,
United Against Human Trafficking , Human Trafficking,https://uaht.org/are-boys-too-tough-to-be-trafficked/,,,,1,,,,
United Against Human Trafficking , Human Trafficking,https://uaht.org/trafficked-through-social-media/,,,,1,,,,
United Against Human Trafficking , Human Trafficking,https://uaht.org/myas-story/,,,,1,,,,
United Against Human Trafficking , Human Trafficking,https://uaht.org/women-like-us/,,,,1,,,,
United Against Human Trafficking , Human Trafficking,https://uaht.org/education/,,,,1,,,,
United Against Human Trafficking , Human Trafficking,https://uaht.org/human-trafficking-awareness-day-2018-wearblueday/,,,,1,,,,
United Against Human Trafficking , Human Trafficking,https://uaht.org/the-sky-is-the-limit-for-health-professionals-seeking-to-combat-human-trafficking/,,,,1,,,,
United Against Human Trafficking , Human Trafficking,https://uaht.org/coalition/,,,,1,,,,
United Against Human Trafficking , Human Trafficking,https://uaht.org/outreach/,,,,1,,,,
United Against Human Trafficking , Human Trafficking,https://uaht.org/youth-programs/,,,,1,,,,
United Against Human Trafficking , Human Trafficking,https://uaht.org/the-pathway/,,,,1,,,,
United Against Human Trafficking , Human Trafficking,https://uaht.org/does-overturning-roe-v-wade-impact-human-trafficking/,,,,,1,,,
United Against Human Trafficking , Human Trafficking,https://uaht.org/hope-gratitude-empower-us-to-end-human-trafficking-in-2021/,,,,,,1,,
United Against Human Trafficking , Human Trafficking,https://uaht.org/wp-content/uploads/2022/03/2021-annual-report-for-web.pdf,,,,,,,1,
United Against Human Trafficking , Human Trafficking,https://uaht.org/wp-content/uploads/2021/02/2020-United-Against-Human-Trafficking-Annual-Report.pdf,,,,,,,1,
United Against Human Trafficking , Human Trafficking,https://uaht.org/wp-content/uploads/2020/03/UAHT-Impact-Report-2019.pdf,,,,,,,1,
United Against Human Trafficking , Human Trafficking,https://uaht.org/wp-content/uploads/2021/06/UAHT-Annual-Report-for-web.pdf,,,,,,,1,
United Against Human Trafficking , Human Trafficking,https://uaht.org/wp-content/uploads/2021/06/Annual-Report-2017.pdf,,,,,,,1,
United Against Human Trafficking , Human Trafficking,https://uaht.org/wp-content/uploads/2019/08/UAHT-2016-Annual-Report-FINAL.pdf,,,,,,,1,
,,,,,,,,,,
Coalition of Immokalee Workers (CIW), Human Trafficking,https://ciw-online.org/,1,,,,,,,
Coalition of Immokalee Workers (CIW), Human Trafficking,https://ciw-online.org/about/,,1,,,,,,
Coalition of Immokalee Workers (CIW), Human Trafficking,https://ciw-online.org/wp-content/uploads/12SlaveryintheFields.pdf,,,1,,,,,
Coalition of Immokalee Workers (CIW), Human Trafficking,https://ciw-online.org/slavery/,,,,1,,,,
Coalition of Immokalee Workers (CIW), Human Trafficking,https://ciw-online.org/blog/2010/09/global_horizons_prosecution/,,,,1,,,,
Coalition of Immokalee Workers (CIW), Human Trafficking,https://ciw-online.org/blog/2017/07/ciw-speaks-at-osce-conference/,,,,,1,,,
Coalition of Immokalee Workers (CIW), Human Trafficking,https://ciw-online.org/blog/2017/07/remarks-asbed-osce/,,,,,1,,,
Coalition of Immokalee Workers (CIW), Human Trafficking,https://ciw-online.org/blog/2017/01/sentencing-ffp-forced-labor-prosecution/,,,,,1,,,
Coalition of Immokalee Workers (CIW), Human Trafficking,https://ciw-online.org/blog/2016/01/csm-human-trafficking-solutions/,,,,,1,,,
Coalition of Immokalee Workers (CIW), Human Trafficking,https://ciw-online.org/blog/2011/01/human_trafficking_day/,,,,,1,,,
Coalition of Immokalee Workers (CIW), Human Trafficking,https://ciw-online.org/blog/2010/01/president-obama-declares-january-national-slavery-and-human-trafficking-prevention-month/,,,,,1,,,
Coalition of Immokalee Workers (CIW), Human Trafficking,https://ciw-online.org/blog/2005/05/naplesmay05/,,,,,1,,,
,,,,,,,,,,
Innocents At Risk, Human Trafficking,https://www.innocentsatrisk.org/,1,,,,,,,
Innocents At Risk, Human Trafficking,https://www.innocentsatrisk.org/our-mission,,1,,,,,,
Innocents At Risk, Human Trafficking,https://static1.squarespace.com/static/6168aba2badcfd0ba11c4f03/t/61a6ca5242660c71660c3028/1638320727738/IAR_BrochureToPrint1.pdf,,,1,,,,,
Innocents At Risk, Human Trafficking,https://www.innocentsatrisk.org/what-has-been-done,,,1,,,,,
Innocents At Risk, Human Trafficking,https://www.innocentsatrisk.org/the-facts,,,,1,,,,
Innocents At Risk, Human Trafficking,https://www.innocentsatrisk.org/what-needs-to-be-done,,,,1,,,,
Innocents At Risk, Human Trafficking,https://www.innocentsatrisk.org/flight-attendant-initiative,,,,1,,,,
Innocents At Risk, Human Trafficking,https://www.innocentsatrisk.org/latest-updates/anti-trafficking-legislation-proposed-in-the-117th-congress,,,,1,,,,
Innocents At Risk, Human Trafficking,https://www.innocentsatrisk.org/latest-updates/support-the-tvpa-reauthorization-2022,,,,1,,,,
Innocents At Risk, Human Trafficking,https://www.innocentsatrisk.org/latest-updates/onlyfans-used-for-trafficking-and-sexual-exploitation,,,,,1,,,
Innocents At Risk, Human Trafficking,https://www.innocentsatrisk.org/latest-updates/ghislaine-maxwell-sentenced-to-20-years-in-prison,,,,,1,,,
Innocents At Risk, Human Trafficking,https://www.innocentsatrisk.org/latest-updates/r-kelly-sentenced-to-30-years-in-prison,,,,,1,,,
Innocents At Risk, Human Trafficking,https://www.innocentsatrisk.org/latest-updates/15-year-old-girl-taken-from-dallas-mavericks-game-for-trafficking,,,,,1,,,
Innocents At Risk, Human Trafficking,https://www.innocentsatrisk.org/latest-updates/2021-end-of-year-letter-from-innocents-at-risk-founder-deborah-sigmund,,,,,1,,,
Innocents At Risk, Human Trafficking,https://www.innocentsatrisk.org/latest-updates/2020-innocents-at-risk-end-of-year-letter,,,,,1,,,
Innocents At Risk, Human Trafficking,https://www.innocentsatrisk.org/latest-updates/2019-innocents-at-risk-end-of-year-letter,,,,,1,,,
Innocents At Risk, Human Trafficking,https://www.innocentsatrisk.org/latest-updates/2018-innocents-at-risk-end-of-year-letter,,,,,1,,,
Innocents At Risk, Human Trafficking,https://www.innocentsatrisk.org/latest-updates/innocents-at-risk-update,,,,,1,,,
,,,,,,,,,,
Freedom Network USA , Human Trafficking,http://freedomnetworkusa.org/,1,,,,,,,
Freedom Network USA , Human Trafficking,http://freedomnetworkusa.org/about-us/,,1,,,,,,
Freedom Network USA , Human Trafficking,https://freedomnetworkusa.org/app/uploads/2018/07/HT-and-Child-Labor.pdf,,,1,,,,,
Freedom Network USA , Human Trafficking,http://freedomnetworkusa.org/advocacy/,,,,1,,,,
Freedom Network USA , Human Trafficking,https://freedomnetworkusa.org/app/uploads/2021/05/FNUSAs-Priorities-for-TVPA-Reauthorization-2021.pdf,,,,1,,,,
Freedom Network USA , Human Trafficking,https://freedomnetworkusa.org/advocacy/survivor-reentry-project/,,,,1,,,,
Freedom Network USA , Human Trafficking,https://freedomnetworkusa.org/training/housing-project/,,,,1,,,,
Freedom Network USA , Human Trafficking,http://freedomnetworkusa.org/the-issue/,,,,1,,,,
Freedom Network USA , Human Trafficking,http://freedomnetworkusa.org/2021/07/27/trafficking-in-rural-america/,,,,1,,,,
Freedom Network USA , Human Trafficking,http://freedomnetworkusa.org/2021/05/20/the-foster-care-system-and-human-trafficking/,,,,1,,,,
Freedom Network USA , Human Trafficking,http://freedomnetworkusa.org/2021/02/05/human-trafficking-and-the-super-bowl/,,,,1,,,,
Freedom Network USA , Human Trafficking,http://freedomnetworkusa.org/2018/06/06/freedom-network-usa-leads-broad-based-effort-to-protect-legal-representation-for-trafficking-survivors/,,,,1,,,,
Freedom Network USA , Human Trafficking,http://freedomnetworkusa.org/2017/11/27/reproductive-rights-human-trafficking/,,,,1,,,,
Freedom Network USA , Human Trafficking,http://freedomnetworkusa.org/2016/12/15/martin/,,,,1,,,,
Freedom Network USA , Human Trafficking,http://freedomnetworkusa.org/2016/12/14/shandra-woworuntu/,,,,1,,,,
Freedom Network USA , Human Trafficking,http://freedomnetworkusa.org/2016/12/08/suamhirs-piraino-guzman/,,,,1,,,,
Freedom Network USA , Human Trafficking,http://freedomnetworkusa.org/2016/12/05/sarah/,,,,1,,,,
Freedom Network USA , Human Trafficking,https://freedomnetworkusa.org/2019/08/01/fnusa-applauds-call-on-the-department-of-justice-to-restore-vacatur-funding-for-survivors/,,,,,1,,,
Freedom Network USA , Human Trafficking,https://freedomnetworkusa.org/app/uploads/2019/11/FNUSAStatementHUDHTHousingNOFAFinal11Sept2019.pdf,,,,,1,,,
Freedom Network USA , Human Trafficking,https://freedomnetworkusa.org/app/uploads/2022/03/FNUSARaceEquityHTInput2022.pdf,,,,,1,,,
Freedom Network USA , Human Trafficking,https://freedomnetworkusa.org/app/uploads/2022/04/FNUSAInputLaborTraffickingAgricultureUNSpecialRapporteur-January2022.pdf,,,,,1,,,
Freedom Network USA , Human Trafficking,https://freedomnetworkusa.org/app/uploads/2021/12/FY22FNUSAFundingRecs.pdf,,,,,1,,,
Freedom Network USA , Human Trafficking,https://freedomnetworkusa.org/app/uploads/2021/09/FNUSACommentsTReg13Sept2021.pdf,,,,,1,,,
Freedom Network USA , Human Trafficking,https://freedomnetworkusa.org/app/uploads/2021/02/FNUSA2021TIPReportInput.pdf,,,,,1,,,
Freedom Network USA , Human Trafficking,https://freedomnetworkusa.org/app/uploads/2020/11/FNUSACommentsStateSurveyOMBOct2020.pdf,,,,,1,,,
Freedom Network USA , Human Trafficking,https://freedomnetworkusa.org/app/uploads/2020/10/FNUSADOLIndependentContractorRuleComment26Oct2020.pdf,,,,,1,,,
Freedom Network USA , Human Trafficking,https://freedomnetworkusa.org/app/uploads/2020/10/FNUSACommentBiometricsCollectionRule13Oct2020.pdf,,,,,1,,,
Freedom Network USA , Human Trafficking,https://freedomnetworkusa.org/app/uploads/2020/08/FNUSASubmitsCommentsOpposingCOVIDAsylumBar10Aug2020.pdf,,,,,1,,,
Freedom Network USA , Human Trafficking,https://freedomnetworkusa.org/app/uploads/2020/07/FNUSASubmitsCommentsOpposingProposedAsylumRegulations15July2020.pdf,,,,,1,,,
Freedom Network USA , Human Trafficking,https://freedomnetworkusa.org/app/uploads/2020/07/FNUSACommentsStateSurveyNACChildYouthSexTraffickingJune2020.pdf,,,,,1,,,
Freedom Network USA , Human Trafficking,https://freedomnetworkusa.org/app/uploads/2019/12/FNUSALittleHooverCommissionStatementLaborTrafficking.pdf,,,,,1,,,
Freedom Network USA , Human Trafficking,https://freedomnetworkusa.org/app/uploads/2020/02/FNUSA-Statement-on-McConnell-Funding-Proposal-2019Jan23.pdf,,,,,1,,,
Freedom Network USA , Human Trafficking,https://freedomnetworkusa.org/app/uploads/2018/11/FNUSACommentsProposedFloresRegulation.pdf,,,,,1,,,
Freedom Network USA , Human Trafficking,https://freedomnetworkusa.org/app/uploads/2016/10/FNUSACommentChildEligibilityForm.pdf,,,,,1,,,
Freedom Network USA , Human Trafficking,https://freedomnetworkusa.org/app/uploads/2022/03/2022-03-21-29-Human-Trafficking-Legal-Center-IPI-amicus-Mot-Brief-FINAL.pdf,,,,,1,,,
Freedom Network USA , Human Trafficking,https://freedomnetworkusa.org/app/uploads/2022/03/FNUSARaceEquityHTInput2022.pdf,,,,,1,,,
Freedom Network USA , Human Trafficking,https://freedomnetworkusa.org/app/uploads/2022/04/FNUSAInputLaborTraffickingAgricultureUNSpecialRapporteur-January2022.pdf,,,,,1,,,
Freedom Network USA , Human Trafficking,http://freedomnetworkusa.org/2022/07/12/intersectionality-between-substance-use-and-human-trafficking/,,,,,1,,,
Freedom Network USA , Human Trafficking,http://freedomnetworkusa.org/2022/03/31/transphobia-and-human-trafficking/,,,,,1,,,
Freedom Network USA , Human Trafficking,http://freedomnetworkusa.org/2021/12/21/the-intersection-of-forced-marriage-and-human-trafficking/,,,,,1,,,
Freedom Network USA , Human Trafficking,http://freedomnetworkusa.org/2021/11/10/impact-of-arrest-and-conviction-histories-on-trafficking-survivors/,,,,,1,,,
Freedom Network USA , Human Trafficking,http://freedomnetworkusa.org/2020/06/29/response-to-the-2020-trafficking-in-persons-report/,,,,,1,,,
Freedom Network USA , Human Trafficking,http://freedomnetworkusa.org/2019/01/23/fnusa-opposes-spending-bill-that-sacrifices-trafficked-minors/,,,,,1,,,
Freedom Network USA , Human Trafficking,http://freedomnetworkusa.org/2019/01/16/fnusa-submits-comments-to-the-us-state-department/,,,,,1,,,
Freedom Network USA , Human Trafficking,http://freedomnetworkusa.org/2019/01/09/a-step-in-the-right-direction-trafficking-victims-protection-act-reauthorized/,,,,,1,,,
Freedom Network USA , Human Trafficking,http://freedomnetworkusa.org/2018/05/31/standing-tall-a-vision-of-freedom-for-survivors-of-trafficking/,,,,,1,,,
Freedom Network USA , Human Trafficking,http://freedomnetworkusa.org/2018/01/12/freedom-network-usa-supports-visa-transparency-legislation-combat-human-trafficking/,,,,,1,,,
Freedom Network USA , Human Trafficking,http://freedomnetworkusa.org/2017/06/21/reauthorize-dont-gut-tvpa/,,,,,1,,,
Freedom Network USA , Human Trafficking,https://freedomnetworkusa.org/app/uploads/2017/01/FNUSAInput2017TIPReport.pdf,,,,,1,,,
Freedom Network USA , Human Trafficking,http://freedomnetworkusa.org/2016/08/11/trafficking-in-persons-report-cites-opportunities-and-challenges-ahead-fn-response/,,,,,1,,,
Freedom Network USA , Human Trafficking,http://freedomnetworkusa.org/2016/07/06/my-sisters-place-combating-domestic-violence-and-human-trafficking/,,,,,1,,,
Freedom Network USA , Human Trafficking,http://freedomnetworkusa.org/2015/08/07/fn-members-on-cnn-advocating-for-forte-act/,,,,,1,,,
Freedom Network USA , Human Trafficking,https://freedomnetworkusa.org/app/uploads/2018/04/FRN-Member-Report-Digital-FINAL-1.pdf,,,,,,,1,
,,,,,,,,,,
Exodus Cry , Human Trafficking,https://exoduscry.com/,1,,,,,,,
Exodus Cry , Human Trafficking,https://exoduscry.com/oursolution/,,1,,,,,,
Exodus Cry , Human Trafficking,https://exoduscry.com/about/human-trafficking/,,,1,,,,,
Exodus Cry , Human Trafficking,https://exoduscry.com/toxic-porn/,,,,1,,,,
Exodus Cry , Human Trafficking,https://exoduscry.com/pcnp/,,,,1,,,,
Exodus Cry , Human Trafficking,https://exoduscry.com/articles/why-these-empty-shoes-mean-freedom/,,,,1,,,,
Exodus Cry , Human Trafficking,https://exoduscry.com/oursolution/shiftingculture/,,,,1,,,,
Exodus Cry , Human Trafficking,https://exoduscry.com/articles/human-trafficking-story-i-was-trafficked-for-sex-as-a-child/,,,,1,,,,
Exodus Cry , Human Trafficking,https://exoduscry.com/articles/i-didnt-know-my-husband-was-my-trafficker/,,,,1,,,,
Exodus Cry , Human Trafficking,https://exoduscry.com/articles/ukrainian-women-vulnerable-to-trafficking-after-russian-invasion/,,,,1,,,,
Exodus Cry , Human Trafficking,https://exoduscry.com/articles/here-are-the-biggest-cases-of-trafficking-in-porn/,,,,1,,,,
Exodus Cry , Human Trafficking,https://exoduscry.com/articles/from-trafficking-survivor-to-swat-team-member-sophias-story/,,,,1,,,,
Exodus Cry , Human Trafficking,https://exoduscry.com/articles/canadian-lawmakers-double-down-on-call-for-pornhub-sex-trafficking-investigation/,,,,1,,,,
Exodus Cry , Human Trafficking,https://exoduscry.com/articles/how-i-survived-being-trafficked-in-child-porn/,,,,1,,,,
Exodus Cry , Human Trafficking,https://exoduscry.com/articles/how-pornhub-makes-trafficking-easy/,,,,1,,,,
Exodus Cry , Human Trafficking,https://exoduscry.com/articles/17-year-old-how-i-escaped-an-international-trafficking-ring/,,,,1,,,,
Exodus Cry , Human Trafficking,https://exoduscry.com/articles/trafficked-11-outreach-eyes-survivor/,,,,1,,,,
Exodus Cry , Human Trafficking,https://exoduscry.com/oursolution/changinglaws/,,,,1,,,,
Exodus Cry , Human Trafficking,https://exoduscry.com/oursolution/reachingout/,,,,1,,,,
Exodus Cry , Human Trafficking,https://exoduscry.com/articles/child-sexual-abuse-material-child-porn-has-reached-crisis-levels/,,,,,1,,,
Exodus Cry , Human Trafficking,https://exoduscry.com/articles/8-children-recovered-200-sex-buyers-arrested-during-super-bowl-2022/,,,,,1,,,
Exodus Cry , Human Trafficking,https://exoduscry.com/articles/an-open-letter-to-all-presidential-candidates/,,,,,1,,,
Exodus Cry , Human Trafficking,https://exoduscry.com/wp-content/uploads/2022/02/exodus_cry_annual_report_2020.pdf,,,,,,,1,
Exodus Cry , Human Trafficking,https://exoduscry.com/wp-content/uploads/2021/05/exodus_cry_annual_report_2019.pdf,,,,,,,1,
Exodus Cry , Human Trafficking,https://exoduscry.com/wp-content/uploads/2020/05/exodus_cry_annual_report_2018.pdf,,,,,,,1,